country,country_code,bank_name,city,website,parent_group,source_url,access_date,status,notes
Norway,NO,SpareBank 1 BV,Tonsberg,https://www.sparebank1.no/bv,SpareBank 1 Alliance,https://www.sparebank1.no,2026-02-13,enumerated,SpareBank 1 Alliance member
Norway,NO,SpareBank 1 Ringerike Hadeland,Honefoss,https://www.sparebank1.no/ringerike-hadeland,SpareBank 1 Alliance,https://www.sparebank1.no,2026-02-13,enumerated,SpareBank 1 Alliance member
Norway,NO,SpareBank 1 Hallingdal Valdres,Gol,https://www.sparebank1.no/hallingdal-valdres,SpareBank 1 Alliance,https://www.sparebank1.no,2026-02-13,enumerated,SpareBank 1 Alliance member
Norway,NO,SpareBank 1 Modum,Vikersund,https://www.sparebank1.no/modum,SpareBank 1 Alliance,https://www.sparebank1.no,2026-02-13,enumerated,SpareBank 1 Alliance member
Norway,NO,SpareBank 1 Sorost-Norge,Arendal,https://www.sparebank1.no/sorost-norge,SpareBank 1 Alliance,https://www.sparebank1.no,2026-02-13,enumerated,SpareBank 1 Alliance member
Norway,NO,SpareBank 1 Telemark,Skien,https://www.sparebank1.no/telemark,SpareBank 1 Alliance,https://www.sparebank1.no,2026-02-13,enumerated,SpareBank 1 Alliance member
Norway,NO,SpareBank 1 Nordmore,Kristiansund,https://www.sparebank1.no/nordmore,SpareBank 1 Alliance,https://www.sparebank1.no,2026-02-13,enumerated,SpareBank 1 Alliance member
Norway,NO,SpareBank 1 Helgeland,Mo i Rana,https://www.sparebank1.no/helgeland,SpareBank 1 Alliance,https://www.sparebank1.no,2026-02-13,enumerated,SpareBank 1 Alliance member
Norway,NO,SpareBank 1 Lom og Skjak,Lom,https://www.sparebank1.no/lom-og-skjaak,SpareBank 1 Alliance,https://www.sparebank1.no,2026-02-13,enumerated,SpareBank 1 Alliance member
Norway,NO,SpareBank 1 Gudbrandsdal,Lillehammer,https://www.sparebank1.no/gudbrandsdal,SpareBank 1 Alliance,https://www.sparebank1.no,2026-02-13,enumerated,SpareBank 1 Alliance member
Norway,NO,Sparebanken Din,Notodden,https://www.sparebankendin.no,Eika Gruppen,https://www.eika.no,2026-02-13,enumerated,Eika Gruppen member
Norway,NO,Aurskog Sparebank,Aurskog,https://www.aurskog-sparebank.no,Eika Gruppen,https://www.eika.no,2026-02-13,enumerated,Eika Gruppen member
Norway,NO,Bien Sparebank,Drammen,https://www.bien.no,Eika Gruppen,https://www.eika.no,2026-02-13,enumerated,Eika Gruppen member
Norway,NO,Cultura Sparebank,Oslo,https://www.markup.no,Eika Gruppen,https://www.eika.no,2026-02-13,enumerated,Ethical savings bank
Norway,NO,Drangedal Sparebank,Drangedal,https://www.drangedalsparebank.no,Eika Gruppen,https://www.eika.no,2026-02-13,enumerated,Eika Gruppen member
Norway,NO,Eidsberg Sparebank,Mysen,https://www.eidsbergsparebank.no,Eika Gruppen,https://www.eika.no,2026-02-13,enumerated,Eika Gruppen member
Norway,NO,Etne Sparebank,Etne,https://www.etnesparebank.no,Eika Gruppen,https://www.eika.no,2026-02-13,enumerated,Eika Gruppen member
Norway,NO,Flekkefjord Sparebank,Flekkefjord,https://www.flekkefjordsparebank.no,Eika Gruppen,https://www.eika.no,2026-02-13,enumerated,Eika Gruppen member
Norway,NO,Grue Sparebank,Kirkenær,https://www.gruesparebank.no,Eika Gruppen,https://www.eika.no,2026-02-13,enumerated,Eika Gruppen member
Norway,NO,Haltdalen Sparebank,Haltdalen,https://www.haltdalensparebank.no,Eika Gruppen,https://www.eika.no,2026-02-13,enumerated,Eika Gruppen member
Norway,NO,Hjartdal og Gransherad Sparebank,Hjartdal,https://www.hjartdalsparebank.no,Eika Gruppen,https://www.eika.no,2026-02-13,enumerated,Eika Gruppen member
Norway,NO,Indre Sogn Sparebank,Laerdal,https://www.issb.no,Eika Gruppen,https://www.eika.no,2026-02-13,enumerated,Eika Gruppen member
Norway,NO,Jaeren Sparebank,Bryne,https://www.jaerensparebank.no,Eika Gruppen,https://www.eika.no,2026-02-13,enumerated,Eika Gruppen member
Norway,NO,Kvinesdal Sparebank,Kvinesdal,https://www.kvinesdalsparebank.no,Eika Gruppen,https://www.eika.no,2026-02-13,enumerated,Eika Gruppen member
Norway,NO,Lillesands Sparebank,Lillesand,https://www.lillesandssparebank.no,Eika Gruppen,https://www.eika.no,2026-02-13,enumerated,Eika Gruppen member
Norway,NO,Luster Sparebank,Gaupne,https://www.lustersparebank.no,Eika Gruppen,https://www.eika.no,2026-02-13,enumerated,Eika Gruppen member
Norway,NO,Marker Sparebank,Orje,https://www.markersparebank.no,Eika Gruppen,https://www.eika.no,2026-02-13,enumerated,Eika Gruppen member
Norway,NO,Melhus Sparebank,Melhus,https://www.melhussparebank.no,Eika Gruppen,https://www.eika.no,2026-02-13,enumerated,Eika Gruppen member
Norway,NO,Odal Sparebank,Sand,https://www.odalsparebank.no,Eika Gruppen,https://www.eika.no,2026-02-13,enumerated,Eika Gruppen member
Norway,NO,Ofoten Sparebank,Narvik,https://www.ofotensparebank.no,Eika Gruppen,https://www.eika.no,2026-02-13,enumerated,Eika Gruppen member
Norway,NO,Orkla Sparebank,Orkanger,https://www.orklasparebank.no,Eika Gruppen,https://www.eika.no,2026-02-13,enumerated,Eika Gruppen member
Norway,NO,Romsdals Budstikke Sparebank,Molde,,Eika Gruppen,https://www.eika.no,2026-02-13,enumerated,Eika Gruppen member
Norway,NO,Sandnes Sparebank,Sandnes,https://www.sandnes-sparebank.no,Eika Gruppen,https://www.eika.no,2026-02-13,enumerated,Eika Gruppen member
Norway,NO,Selbu Sparebank,Selbu,https://www.selbusparebank.no,Eika Gruppen,https://www.eika.no,2026-02-13,enumerated,Eika Gruppen member
Norway,NO,Skagerrak Sparebank,Kragero,https://www.skagerraksparebank.no,Eika Gruppen,https://www.eika.no,2026-02-13,enumerated,Eika Gruppen member
Norway,NO,Skudenes og Aakra Sparebank,Skudeneshavn,https://www.sassparebank.no,Eika Gruppen,https://www.eika.no,2026-02-13,enumerated,Eika Gruppen member
Norway,NO,Sparebanken Narvik,Narvik,https://www.sbnarvik.no,Eika Gruppen,https://www.eika.no,2026-02-13,enumerated,Eika Gruppen member
Norway,NO,Stadsbygd Sparebank,Stadsbygd,https://www.stadsbygdsparebank.no,Eika Gruppen,https://www.eika.no,2026-02-13,enumerated,Eika Gruppen member
Norway,NO,Sunndal Sparebank,Sunndalsora,https://www.sunndal-sparebank.no,Eika Gruppen,https://www.eika.no,2026-02-13,enumerated,Eika Gruppen member
Norway,NO,Tolga-Os Sparebank,Tolga,https://www.tolga-os.no,Eika Gruppen,https://www.eika.no,2026-02-13,enumerated,Eika Gruppen member
Norway,NO,Totens Sparebank,Lena,https://www.totenssparebank.no,Eika Gruppen,https://www.eika.no,2026-02-13,enumerated,Eika Gruppen member
Norway,NO,Trøgstad Sparebank,Mysen,https://www.trogstadsparebank.no,Eika Gruppen,https://www.eika.no,2026-02-13,enumerated,Eika Gruppen member
Norway,NO,Tysnes Sparebank,Tysnes,https://www.tysnes-sparebank.no,Eika Gruppen,https://www.eika.no,2026-02-13,enumerated,Eika Gruppen member
Norway,NO,Valle Sparebank,Valle,https://www.vallesparebank.no,Eika Gruppen,https://www.eika.no,2026-02-13,enumerated,Eika Gruppen member
Norway,NO,Voss Sparebank,Voss,https://www.vfrb.no,Eika Gruppen,https://www.eika.no,2026-02-13,enumerated,Eika Gruppen member
Norway,NO,Helgeland Sparebank,Mosjoen,https://www.helgeland-sparebank.no,,https://www.sparebankforeningen.no,2026-02-13,enumerated,Independent savings bank
Norway,NO,Sparebanken Sogn og Fjordane,Forde,https://www.ssf.no,,https://www.sparebankforeningen.no,2026-02-13,enumerated,Independent savings bank
Norway,NO,Sparebanken More,Aalesund,https://www.sbmore.no,,https://www.sparebankforeningen.no,2026-02-13,enumerated,Independent savings bank
Norway,NO,Fana Sparebank,Bergen,https://www.fana-sparebank.no,,https://www.sparebankforeningen.no,2026-02-13,enumerated,Independent savings bank
Norway,NO,Haugesund Sparebank,Haugesund,https://www.haugesund-sparebank.no,,https://www.sparebankforeningen.no,2026-02-13,enumerated,Independent savings bank
Austria,AT,Karntner Sparkasse,Klagenfurt,https://www.sparkasse.at/kaernten,Erste Group / Sparkassen,https://www.sparkassenverband.at,2026-02-13,enumerated,Sparkassenverband member
Austria,AT,Sparkasse der Stadt Amstetten,Amstetten,https://www.sparkasse.at/amstetten,Erste Group / Sparkassen,https://www.sparkassenverband.at,2026-02-13,enumerated,Sparkassenverband member
Austria,AT,Sparkasse Baden,Baden,https://www.sparkasse.at/baden,Erste Group / Sparkassen,https://www.sparkassenverband.at,2026-02-13,enumerated,Sparkassenverband member
Austria,AT,Sparkasse Hainburg-Bruck-Neusiedl,Hainburg an der Donau,https://www.sparkasse.at/hainburg,Erste Group / Sparkassen,https://www.sparkassenverband.at,2026-02-13,enumerated,Sparkassenverband member
Austria,AT,Sparkasse Horn-Ravelsbach-Kirchberg,Horn,https://www.sparkasse.at/horn,Erste Group / Sparkassen,https://www.sparkassenverband.at,2026-02-13,enumerated,Sparkassenverband member
Austria,AT,Sparkasse Korneuburg,Korneuburg,https://www.sparkasse.at/korneuburg,Erste Group / Sparkassen,https://www.sparkassenverband.at,2026-02-13,enumerated,Sparkassenverband member
Austria,AT,Kremser Bank und Sparkassen,Krems an der Donau,https://www.sparkasse.at/kremsersparkasse,Erste Group / Sparkassen,https://www.sparkassenverband.at,2026-02-13,enumerated,Sparkassenverband member
Austria,AT,Sparkasse Neunkirchen,Neunkirchen,https://www.sparkasse.at/neunkirchen,Erste Group / Sparkassen,https://www.sparkassenverband.at,2026-02-13,enumerated,Sparkassenverband member
Austria,AT,Sparkasse Niederosterreich Mitte West,Sankt Polten,https://www.sparkasse.at/noe-mitte-west,Erste Group / Sparkassen,https://www.sparkassenverband.at,2026-02-13,enumerated,Sparkassenverband member
Austria,AT,Waldviertler Sparkasse von 1842,Waidhofen an der Thaya,https://www.sparkasse.at/waldviertler,Erste Group / Sparkassen,https://www.sparkassenverband.at,2026-02-13,enumerated,Sparkassenverband member
Austria,AT,Wiener Neustadter Sparkasse,Wiener Neustadt,https://www.sparkasse.at/wiener-neustaedter,Erste Group / Sparkassen,https://www.sparkassenverband.at,2026-02-13,enumerated,Sparkassenverband member
Austria,AT,Allgemeine Sparkasse Oberosterreich,Linz,https://www.sparkasse.at/oberoesterreich,Erste Group / Sparkassen,https://www.sparkassenverband.at,2026-02-13,enumerated,Sparkassenverband member
Austria,AT,Sparkasse Salzkammergut,Bad Ischl,https://www.sparkasse.at/salzkammergut,Erste Group / Sparkassen,https://www.sparkassenverband.at,2026-02-13,enumerated,Sparkassenverband member
Austria,AT,Sparkasse Eferding-Peuerbach-Waizenkirchen,Eferding,https://www.sparkasse.at/eferding,Erste Group / Sparkassen,https://www.sparkassenverband.at,2026-02-13,enumerated,Sparkassenverband member
Austria,AT,Sparkasse Kremstal-Pyhrn,Kirchdorf an der Krems,https://www.sparkasse.at/kremstal-pyhrn,Erste Group / Sparkassen,https://www.sparkassenverband.at,2026-02-13,enumerated,Sparkassenverband member
Austria,AT,Sparkasse Muhlviertel-West,Rohrbach,https://www.sparkasse.at/muehlviertel-west,Erste Group / Sparkassen,https://www.sparkassenverband.at,2026-02-13,enumerated,Sparkassenverband member
Austria,AT,Salzburger Sparkasse,Salzburg,https://www.sparkasse.at/salzburg,Erste Group / Sparkassen,https://www.sparkassenverband.at,2026-02-13,enumerated,Sparkassenverband member
Austria,AT,Steiermarkische Sparkasse,Graz,https://www.sparkasse.at/steiermaerkische,Erste Group / Sparkassen,https://www.sparkassenverband.at,2026-02-13,enumerated,Sparkassenverband member
Austria,AT,Sparkasse Hartberg-Vorau,Hartberg,https://www.sparkasse.at/hartberg-vorau,Erste Group / Sparkassen,https://www.sparkassenverband.at,2026-02-13,enumerated,Sparkassenverband member
Austria,AT,Tiroler Sparkasse,Innsbruck,https://www.sparkasse.at/tirol,Erste Group / Sparkassen,https://www.sparkassenverband.at,2026-02-13,enumerated,Sparkassenverband member
Austria,AT,Sparkasse Imst,Imst,https://www.sparkasse.at/imst,Erste Group / Sparkassen,https://www.sparkassenverband.at,2026-02-13,enumerated,Sparkassenverband member
Austria,AT,Sparkasse der Stadt Kitzbuhel,Kitzbuhel,https://www.sparkasse.at/kitzbuehel,Erste Group / Sparkassen,https://www.sparkassenverband.at,2026-02-13,enumerated,Sparkassenverband member
Austria,AT,Sparkasse Kufstein,Kufstein,https://www.sparkasse.at/kufstein,Erste Group / Sparkassen,https://www.sparkassenverband.at,2026-02-13,enumerated,Sparkassenverband member
Austria,AT,Lienzer Sparkasse,Lienz,https://www.sparkasse.at/lienz,Erste Group / Sparkassen,https://www.sparkassenverband.at,2026-02-13,enumerated,Sparkassenverband member
Austria,AT,Sparkasse Schwaz,Schwaz,https://www.sparkasse.at/schwaz,Erste Group / Sparkassen,https://www.sparkassenverband.at,2026-02-13,enumerated,Sparkassenverband member
Austria,AT,Sparkasse Reutte,Reutte,https://www.sparkasse.at/reutte,Erste Group / Sparkassen,https://www.sparkassenverband.at,2026-02-13,enumerated,Sparkassenverband member
Austria,AT,Sparkasse Bludenz,Bludenz,https://www.sparkasse.at/bludenz,Erste Group / Sparkassen,https://www.sparkassenverband.at,2026-02-13,enumerated,Sparkassenverband member
Austria,AT,Sparkasse Bregenz,Bregenz,https://www.sparkasse.at/bregenz,Erste Group / Sparkassen,https://www.sparkassenverband.at,2026-02-13,enumerated,Sparkassenverband member
Austria,AT,Dornbirner Sparkasse,Dornbirn,https://www.sparkasse.at/dornbirn,Erste Group / Sparkassen,https://www.sparkassenverband.at,2026-02-13,enumerated,Sparkassenverband member
Austria,AT,Sparkasse der Stadt Feldkirch,Feldkirch,https://www.sparkasse.at/feldkirch,Erste Group / Sparkassen,https://www.sparkassenverband.at,2026-02-13,enumerated,Sparkassenverband member
France,FR,"Caisse d'Epargne Ile-de-France",Paris,https://www.caisse-epargne.fr/ile-de-france/,BPCE,https://www.federation.caisse-epargne.fr/15-caisses/,2026-02-13,enumerated,"Regional Caisse d'Epargne"
France,FR,"Caisse d'Epargne Loire Drome Ardeche",Saint-Etienne,https://www.caisse-epargne.fr/loire-drome-ardeche/,BPCE,https://www.federation.caisse-epargne.fr/15-caisses/,2026-02-13,enumerated,"Regional Caisse d'Epargne"
France,FR,"Caisse d'Epargne Rhone Alpes",Lyon,https://www.caisse-epargne.fr/rhone-alpes/,BPCE,https://www.federation.caisse-epargne.fr/15-caisses/,2026-02-13,enumerated,"Regional Caisse d'Epargne"
France,FR,"Caisse d'Epargne Cote d'Azur",Nice,https://www.caisse-epargne.fr/cote-d-azur/,BPCE,https://www.federation.caisse-epargne.fr/15-caisses/,2026-02-13,enumerated,"Regional Caisse d'Epargne"
France,FR,"Caisse d'Epargne Aquitaine Poitou-Charentes",Bordeaux,https://www.caisse-epargne.fr/aquitaine-poitou-charentes/,BPCE,https://www.federation.caisse-epargne.fr/15-caisses/,2026-02-13,enumerated,"Regional Caisse d'Epargne"
France,FR,"Caisse d'Epargne Grand Est Europe",Strasbourg,https://www.caisse-epargne.fr/grand-est-europe/,BPCE,https://www.federation.caisse-epargne.fr/15-caisses/,2026-02-13,enumerated,"Regional Caisse d'Epargne"
France,FR,"Caisse d'Epargne Hauts de France",Lille,https://www.caisse-epargne.fr/hauts-de-france/,BPCE,https://www.federation.caisse-epargne.fr/15-caisses/,2026-02-13,enumerated,"Regional Caisse d'Epargne"
France,FR,"Caisse d'Epargne Normandie",Rouen,https://www.caisse-epargne.fr/normandie/,BPCE,https://www.federation.caisse-epargne.fr/15-caisses/,2026-02-13,enumerated,"Regional Caisse d'Epargne"
France,FR,"Caisse d'Epargne Midi-Pyrenees",Toulouse,https://www.caisse-epargne.fr/midi-pyrenees/,BPCE,https://www.federation.caisse-epargne.fr/15-caisses/,2026-02-13,enumerated,"Regional Caisse d'Epargne"
France,FR,"Caisse d'Epargne CEPAC",Marseille,https://www.caisse-epargne.fr/cepac/,BPCE,https://www.federation.caisse-epargne.fr/15-caisses/,2026-02-13,enumerated,"Regional Caisse d'Epargne (Provence Alpes Corse)"
France,FR,"Caisse d'Epargne Languedoc Roussillon",Montpellier,https://www.caisse-epargne.fr/languedoc-roussillon/,BPCE,https://www.federation.caisse-epargne.fr/15-caisses/,2026-02-13,enumerated,"Regional Caisse d'Epargne"
France,FR,"Caisse d'Epargne Bretagne Pays de Loire",Rennes,https://www.caisse-epargne.fr/bretagne-pays-de-loire/,BPCE,https://www.federation.caisse-epargne.fr/15-caisses/,2026-02-13,enumerated,"Regional Caisse d'Epargne"
France,FR,"Caisse d'Epargne Bourgogne Franche-Comte",Dijon,https://www.caisse-epargne.fr/bourgogne-franche-comte/,BPCE,https://www.federation.caisse-epargne.fr/15-caisses/,2026-02-13,enumerated,"Regional Caisse d'Epargne"
France,FR,"Caisse d'Epargne Auvergne et Limousin",Clermont-Ferrand,https://www.caisse-epargne.fr/auvergne-limousin/,BPCE,https://www.federation.caisse-epargne.fr/15-caisses/,2026-02-13,enumerated,"Regional Caisse d'Epargne"
France,FR,"Caisse d'Epargne Loire Centre",Orleans,https://www.caisse-epargne.fr/loire-centre/,BPCE,https://www.federation.caisse-epargne.fr/15-caisses/,2026-02-13,enumerated,"Regional Caisse d'Epargne"
Finland,FI,Aito Saastopankki,Tampere,https://www.saastopankki.fi/fi-fi/pankit-ja-konttorit/aito-saastopankki,Savings Banks Group,https://www.saastopankki.fi,2026-02-13,enumerated,Saastopankkiryhma member
Finland,FI,Avain Saastopankki,Kauhava,https://www.saastopankki.fi/fi-fi/pankit-ja-konttorit/avain-saastopankki,Savings Banks Group,https://www.saastopankki.fi,2026-02-13,enumerated,Saastopankkiryhma member
Finland,FI,Helmi Saastopankki,Lahti,https://www.saastopankki.fi/fi-fi/pankit-ja-konttorit/helmi-saastopankki,Savings Banks Group,https://www.saastopankki.fi,2026-02-13,enumerated,Saastopankkiryhma member
Finland,FI,Lammin Saastopankki,Hameenlinna,https://www.saastopankki.fi/fi-fi/pankit-ja-konttorit/lammin-saastopankki,Savings Banks Group,https://www.saastopankki.fi,2026-02-13,enumerated,Saastopankkiryhma member
Finland,FI,Lansi-Uudenmaan Saastopankki,Lohja,https://www.saastopankki.fi/fi-fi/pankit-ja-konttorit/lansi-uudenmaan-saastopankki,Savings Banks Group,https://www.saastopankki.fi,2026-02-13,enumerated,Saastopankkiryhma member
Finland,FI,Myrskyla Saastopankki,Myrskyla,,Savings Banks Group,https://www.saastopankki.fi,2026-02-13,enumerated,Saastopankkiryhma member
Finland,FI,Nooa Saastopankki,Helsinki,https://www.saastopankki.fi/fi-fi/pankit-ja-konttorit/nooa-saastopankki,Savings Banks Group,https://www.saastopankki.fi,2026-02-13,enumerated,Saastopankkiryhma member
Finland,FI,Someron Saastopankki,Somero,,Savings Banks Group,https://www.saastopankki.fi,2026-02-13,enumerated,Saastopankkiryhma member
Finland,FI,Saastopankki Optia,Iisalmi,https://www.saastopankki.fi/fi-fi/pankit-ja-konttorit/saastopankki-optia,Savings Banks Group,https://www.saastopankki.fi,2026-02-13,enumerated,Saastopankkiryhma member
Finland,FI,Saastopankki Sinetti,Orivesi,,Savings Banks Group,https://www.saastopankki.fi,2026-02-13,enumerated,Saastopankkiryhma member
Italy,IT,Sparkasse - Cassa di Risparmio di Bolzano,Bolzano,https://www.sparkasse.it,,https://www.acri.it,2026-02-13,enumerated,ACRI member Cassa di Risparmio
Italy,IT,La Cassa di Ravenna,Ravenna,https://www.lacassa.com,,https://www.acri.it,2026-02-13,enumerated,ACRI member
Italy,IT,Cassa di Risparmio di Volterra,Volterra,https://www.cfrv.it,,https://www.acri.it,2026-02-13,enumerated,ACRI member
Italy,IT,Cassa di Risparmio di Cento,Cento,https://www.cfrcentro.it,,https://www.acri.it,2026-02-13,enumerated,ACRI member
Italy,IT,Cassa di Risparmio di Fermo,Fermo,https://www.carifermo.it,,https://www.acri.it,2026-02-13,enumerated,ACRI member
Italy,IT,Cassa di Risparmio di Fossano,Fossano,,,https://www.acri.it,2026-02-13,enumerated,ACRI member
Italy,IT,Banca Cassa di Risparmio di Savigliano,Savigliano,https://www.bancacrs.it,,https://www.acri.it,2026-02-13,enumerated,ACRI member
Italy,IT,Cassa di Risparmio di Orvieto,Orvieto,https://www.crorvieto.it,,https://www.acri.it,2026-02-13,enumerated,ACRI member
Italy,IT,Banco di Sardegna,Sassari,https://www.bancosardegna.it,BPER Banca,https://www.acri.it,2026-02-13,enumerated,BPER Group subsidiary
Italy,IT,Banca Popolare Pugliese,Matino,https://www.bfrfrancese.it,,https://www.vorvel.eu,2026-02-13,enumerated,Vorvel member
Italy,IT,Banca Popolare di Lajatico,Lajatico,,,https://www.vorvel.eu,2026-02-13,enumerated,Vorvel member
Italy,IT,Banca Popolare di Cortona,Cortona,,,https://www.vorvel.eu,2026-02-13,enumerated,Vorvel member
Italy,IT,Banca Popolare del Frusinate,Frosinone,,,https://www.vorvel.eu,2026-02-13,enumerated,Vorvel member
Italy,IT,Banca di Credito Popolare,Torre del Greco,https://www.bfrp.it,,https://www.vorvel.eu,2026-02-13,enumerated,Cooperative bank
Italy,IT,Banca Popolare del Lazio,Velletri,https://www.bfrfrancese.it,,https://www.vorvel.eu,2026-02-13,enumerated,Cooperative bank
Italy,IT,Banca Valsabbina,Vestone,https://www.bfrfrancese.it,,https://www.vorvel.eu,2026-02-13,enumerated,Cooperative bank
Italy,IT,Banca di Piacenza,Piacenza,https://www.bancadipiacenza.it,,https://www.vorvel.eu,2026-02-13,enumerated,Cooperative bank
Italy,IT,Banca Agricola Popolare di Ragusa,Ragusa,https://www.bafrr.it,,https://www.vorvel.eu,2026-02-13,enumerated,Cooperative bank
Italy,IT,Banca Popolare di Puglia e Basilicata,Altamura,https://www.bfrs.it,,https://www.vorvel.eu,2026-02-13,enumerated,Cooperative bank
Italy,IT,BCC di Roma,Rome,https://www.bfrfrancese.it,BCC Iccrea Group,https://www.gruppobcciccrea.it,2026-02-13,enumerated,Largest BCC in Italy
Italy,IT,Banca Centro Credito Cooperativo Toscana-Umbria,Arezzo,,BCC Iccrea Group,https://www.gruppobcciccrea.it,2026-02-13,enumerated,BCC member
Italy,IT,Banca della Marca,Orsago,,BCC Iccrea Group,https://www.gruppobcciccrea.it,2026-02-13,enumerated,BCC member
Italy,IT,Banca delle Terre Venete,Castelfranco Veneto,,BCC Iccrea Group,https://www.gruppobcciccrea.it,2026-02-13,enumerated,BCC member
Italy,IT,BCC Milano,Milan,,BCC Iccrea Group,https://www.gruppobcciccrea.it,2026-02-13,enumerated,BCC member
Italy,IT,BCC Pordenonese e Monsile,Azzano Decimo,,BCC Iccrea Group,https://www.gruppobcciccrea.it,2026-02-13,enumerated,BCC member
Italy,IT,Emil Banca Credito Cooperativo,Bologna,https://www.emilbanca.it,BCC Iccrea Group,https://www.gruppobcciccrea.it,2026-02-13,enumerated,BCC member
Italy,IT,BCC Veneta,Padova,,BCC Iccrea Group,https://www.gruppobcciccrea.it,2026-02-13,enumerated,BCC member
Italy,IT,Banca del Territorio Lombardo,Brescia,,BCC Iccrea Group,https://www.gruppobcciccrea.it,2026-02-13,enumerated,BCC member
Italy,IT,"Banca d'Alba",Alba,https://www.bancadalba.it,BCC Iccrea Group,https://www.gruppobcciccrea.it,2026-02-13,enumerated,BCC member
Italy,IT,Credito Cooperativo Ravennate Forlivese e Imolese,Faenza,,BCC Iccrea Group,https://www.gruppobcciccrea.it,2026-02-13,enumerated,BCC member
Italy,IT,Cassa Padana BCC,Leno,,Cassa Centrale Banca,https://www.cassacentrale.it,2026-02-13,enumerated,Cassa Centrale member
Italy,IT,Banca Prealpi SanBiagio,Tarzo,,Cassa Centrale Banca,https://www.cassacentrale.it,2026-02-13,enumerated,Cassa Centrale member
Italy,IT,Raiffeisen Landesbank Sudtirol,Bolzano,https://www.raiffeisen.it,Raiffeisen Sudtirol,https://www.raiffeisen.it,2026-02-13,enumerated,Central institution South Tyrol Raiffeisen
Italy,IT,Raiffeisenkasse Meran,Merano,,Raiffeisen Sudtirol,https://www.raiffeisen.it,2026-02-13,enumerated,South Tyrol Raiffeisenkasse
Italy,IT,Raiffeisenkasse Bruneck,Brunico,,Raiffeisen Sudtirol,https://www.raiffeisen.it,2026-02-13,enumerated,South Tyrol Raiffeisenkasse
Italy,IT,Raiffeisenkasse Eisacktal,Bressanone,,Raiffeisen Sudtirol,https://www.raiffeisen.it,2026-02-13,enumerated,South Tyrol Raiffeisenkasse
Italy,IT,Credito Emiliano (CREDEM),Reggio Emilia,https://www.credem.it,,https://en.wikipedia.org/wiki/Credito_Emiliano,2026-02-13,enumerated,Major Italian bank with savings heritage
Italy,IT,Banca del Piemonte,Turin,https://www.bfrfrancese.it,,https://en.wikipedia.org/wiki/List_of_banks_in_Italy,2026-02-13,enumerated,Regional bank
Italy,IT,Banca di Cividale,Cividale del Friuli,https://www.civibank.it,,https://en.wikipedia.org/wiki/List_of_banks_in_Italy,2026-02-13,enumerated,Regional bank
Denmark,DK,Arbejdernes Landsbank,Copenhagen,https://www.al-bank.dk,,https://en.wikipedia.org/wiki/Arbejdernes_Landsbank,2026-02-13,enumerated,Danish workers bank
Denmark,DK,Sparekassen Kronjylland,Randers,https://www.sparekassenkronjylland.dk,,https://thebanks.eu/banks/12960,2026-02-13,enumerated,Danish savings bank
Denmark,DK,Danske Andelskassers Bank,Aarhus,https://www.dab.dk,,https://www.ecbs.org,2026-02-13,enumerated,Danish cooperative bank
Denmark,DK,Middelfart Sparekasse,Middelfart,https://www.middelfart-sparekasse.dk,,https://thebanks.eu/banks/12927,2026-02-13,enumerated,Danish savings bank
Belgium,BE,Argenta,Antwerp,https://www.argenta.be,,https://en.wikipedia.org/wiki/Argenta_(bank),2026-02-13,enumerated,Major Belgian savings bank
Belgium,BE,Crelan,Brussels,https://www.crelan.be,,https://en.wikipedia.org/wiki/Crelan,2026-02-13,enumerated,Belgian cooperative bank
Hungary,HU,MagNet Bank,Budapest,https://www.magnetbank.hu,,https://en.wikipedia.org/wiki/MagNet_Bank,2026-02-13,enumerated,Hungarian community bank
Czech Republic,CZ,MONETA Money Bank,Prague,https://www.moneta.cz,,https://thebanks.eu/banks/10924,2026-02-13,enumerated,Czech retail bank
Czech Republic,CZ,Fio banka,Prague,https://www.fio.cz,,https://www.fio.cz/about-us/fio-bank,2026-02-13,enumerated,Czech independent bank
Slovakia,SK,Prima banka Slovensko,Bratislava,https://www.primabanka.sk,,https://en.wikipedia.org/wiki/Prima_banka_Slovensko,2026-02-13,enumerated,Slovak retail bank
Romania,RO,BCR (Banca Comerciala Romana),Bucharest,https://www.bcr.ro,Erste Group,https://en.wikipedia.org/wiki/Banca_Comercial%C4%83_Rom%C3%A2n%C4%83,2026-02-13,enumerated,"Romania largest bank, Erste subsidiary"
Romania,RO,BRD - Groupe Societe Generale,Bucharest,https://www.brd.ro,Societe Generale,https://en.wikipedia.org/wiki/BRD_-_Groupe_Soci%C3%A9t%C3%A9_G%C3%A9n%C3%A9rale,2026-02-13,enumerated,Romania 3rd largest bank
Romania,RO,Raiffeisen Bank Romania,Bucharest,https://www.raiffeisen.ro,Raiffeisen Bank International,https://en.wikipedia.org/wiki/Raiffeisen_Bank_(Romania),2026-02-13,enumerated,Romanian Raiffeisen subsidiary
Slovenia,SI,Delavska hranilnica,Ljubljana,https://www.defrfrancesea.si,,https://thebanks.eu/banks/17686,2026-02-13,enumerated,Slovenian savings bank
Albania,AL,Raiffeisen Bank Albania,Tirana,https://www.raiffeisen.al,Raiffeisen Bank International,https://en.wikipedia.org/wiki/Raiffeisen_Bank_Albania,2026-02-13,enumerated,Albanian Raiffeisen subsidiary
Iceland,IS,Islandsbanki,Reykjavik,https://www.islandsbanki.is,,https://en.wikipedia.org/wiki/%C3%8Dslandsbanki,2026-02-13,enumerated,Icelandic universal bank
Iceland,IS,Landsbankinn,Reykjavik,https://www.landsbankinn.is,,https://en.wikipedia.org/wiki/Landsbankinn,2026-02-13,enumerated,Iceland largest bank
Iceland,IS,Arion banki,Reykjavik,https://www.arionbanki.is,,https://en.wikipedia.org/wiki/Arion_Bank,2026-02-13,enumerated,Icelandic bank
