name,country,country_code,city,address,latitude,longitude,parent_group,website,founded_year,total_assets_millions_eur,customer_count_thousands,deposit_volume_millions_eur,loan_volume_millions_eur,employee_count,branch_count,reporting_year,mobile_banking,mobile_banking_evidence,open_banking,open_banking_evidence,digital_onboarding,digital_onboarding_evidence,ai_chatbot,ai_chatbot_evidence,devops_cloud,devops_cloud_evidence,featured
Raiffeisen Bank Albania,Albania,AL,Tirana,,41.3281482,19.8184435,Raiffeisen Bank International,https://www.raiffeisen.al,,,,,,,,,none,,none,,none,,none,,none,,false
Allgemeine Sparkasse Oberosterreich,Austria,AT,Linz,,48.3059078,14.286198,Erste Group / Sparkassen,https://www.sparkasse.at/oberoesterreich,,,,,,,,,none,,none,,none,,none,,none,,false
Dornbirner Sparkasse,Austria,AT,Dornbirn,,47.4136351,9.7423762,Erste Group / Sparkassen,https://www.sparkasse.at/dornbirn,,,,,,,,,none,,none,,none,,none,,none,,false
Erste Group (Sparkassen),Austria,AT,Vienna,"Am Belvedere 1, 1100 Vienna",48.2082,16.3738,Erste Group / Sparkassen,https://www.erstegroup.com,1819,353000,16700,241000,220000,45500,2000,2024,advanced,https://www.sparkasse.at/erstebank/privatkunden/digitales-banking/apps/george-go-app,advanced,https://api.sparkasse.at,advanced,https://www.sparkasse.at/erstebank/privatkunden/konto-karten/onlinekonto,intermediate,https://www.erstegroup.com/en/news-media/press-releases/2023/10/05/erste-bank-launches-austrias-first-financial-ai,intermediate,https://www.erstedigital.com/en,true
Karntner Sparkasse,Austria,AT,Klagenfurt,,46.623943,14.3075976,Erste Group / Sparkassen,https://www.sparkasse.at/kaernten,,,,,,,,,none,,none,,none,,none,,none,,false
Kremser Bank und Sparkassen,Austria,AT,Krems an der Donau,,48.4108382,15.6003717,Erste Group / Sparkassen,https://www.sparkasse.at/kremsersparkasse,,,,,,,,,none,,none,,none,,none,,none,,false
Lienzer Sparkasse,Austria,AT,Lienz,,46.8298662,12.7681269,Erste Group / Sparkassen,https://www.sparkasse.at/lienz,,,,,,,,,none,,none,,none,,none,,none,,false
Raiffeisen Bank International,Austria,AT,Vienna,"Am Stadtpark 9, 1030 Vienna",48.2082,16.3738,Raiffeisen,https://www.rbinternational.com,1927,215000,18600,120000,99000,44000,1500,2024,advanced,https://www.rbinternational.com/en/raiffeisen/blog/technology/digital-banking-experience.html,basic,https://www.rbinternational.com/en/raiffeisen/rbi-group/about-us/innovation/api-marketplace.html,intermediate,https://www.raiffeisen.at/de/privatkunden/konto/girokonto.html,none,,intermediate,https://www.rbinternational.com/en/raiffeisen/career/it-career.html,false
Raiffeisen-Landesbank Steiermark,Austria,AT,Graz,"Radetzkystrasse 15, 8010 Graz",47.0707,15.4395,Raiffeisen Banking Group Austria,https://www.rlbstmk.at,1927,23000,500,17000,15000,1500,70,2024,intermediate,https://www.raiffeisen.at/stmk/rlb/de/online-banking.html,basic,https://developer.raiffeisen.at/en/home.html,intermediate,https://www.raiffeisen.at/stmk/rlb/de/privatkunden/konto/girokonto.html,none,,basic,https://www.raiffeisen.at/stmk/rlb/de/meine-bank/karriere.html,false
Raiffeisenlandesbank NO-Wien,Austria,AT,Vienna,"Friedrich-Wilhelm-Raiffeisen-Platz 1, 1020 Vienna",48.2082,16.3738,Raiffeisen Banking Group Austria,https://www.raiffeisenbank.at,1898,42000,780,30000,26000,2200,90,2024,intermediate,https://www.raiffeisen.at/noew/rlb/de/privatkunden/online-banking/apps/mein-elba-app.html,basic,https://developer.raiffeisen.at/en/home.html,intermediate,https://www.raiffeisen.at/noew/de/privatkunden/konto/girokonto.html,none,,intermediate,https://www.raiffeisen.at/noew/rlb/de/meine-bank/karriere/jobangebote.html,false
Raiffeisenlandesbank Oberosterreich,Austria,AT,Linz,"Europaplatz 1a, 4020 Linz",48.3069,14.2858,Raiffeisen Banking Group Austria,https://www.rlbooe.at,1900,52000,900,38000,33000,3500,130,2024,intermediate,https://www.raiffeisen.at/ooe/de/online-banking/apps/mein-elba-app.html,basic,https://developer.raiffeisen.at/en/home.html,intermediate,https://www.raiffeisen.at/ooe/de/privatkunden/konto/girokonto.html,none,,intermediate,https://www.rlbooe.at/karriere,false
Salzburger Sparkasse,Austria,AT,Salzburg,,47.7981346,13.0464806,Erste Group / Sparkassen,https://www.sparkasse.at/salzburg,,,,,,,,,none,,none,,none,,none,,none,,false
Sparkasse Baden,Austria,AT,Baden,,48.0076713,16.2343693,Erste Group / Sparkassen,https://www.sparkasse.at/baden,,,,,,,,,none,,none,,none,,none,,none,,false
Sparkasse Bludenz,Austria,AT,Bludenz,,47.153037,9.8219314,Erste Group / Sparkassen,https://www.sparkasse.at/bludenz,,,,,,,,,none,,none,,none,,none,,none,,false
Sparkasse Bregenz,Austria,AT,Bregenz,,47.5025779,9.7472924,Erste Group / Sparkassen,https://www.sparkasse.at/bregenz,,,,,,,,,none,,none,,none,,none,,none,,false
Sparkasse der Stadt Amstetten,Austria,AT,Amstetten,,48.1203262,14.8752424,Erste Group / Sparkassen,https://www.sparkasse.at/amstetten,,,,,,,,,none,,none,,none,,none,,none,,false
Sparkasse der Stadt Feldkirch,Austria,AT,Feldkirch,,47.2375671,9.5981724,Erste Group / Sparkassen,https://www.sparkasse.at/feldkirch,,,,,,,,,none,,none,,none,,none,,none,,false
Sparkasse der Stadt Kitzbuhel,Austria,AT,Kitzbuhel,,47.4463585,12.3911473,Erste Group / Sparkassen,https://www.sparkasse.at/kitzbuehel,,,,,,,,,none,,none,,none,,none,,none,,false
Sparkasse Eferding-Peuerbach-Waizenkirchen,Austria,AT,Eferding,,48.3082607,14.0203999,Erste Group / Sparkassen,https://www.sparkasse.at/eferding,,,,,,,,,none,,none,,none,,none,,none,,false
Sparkasse Hainburg-Bruck-Neusiedl,Austria,AT,Hainburg an der Donau,,48.1466103,16.9422459,Erste Group / Sparkassen,https://www.sparkasse.at/hainburg,,,,,,,,,none,,none,,none,,none,,none,,false
Sparkasse Hartberg-Vorau,Austria,AT,Hartberg,,47.2809371,15.9691769,Erste Group / Sparkassen,https://www.sparkasse.at/hartberg-vorau,,,,,,,,,none,,none,,none,,none,,none,,false
Sparkasse Horn-Ravelsbach-Kirchberg,Austria,AT,Horn,,48.6636596,15.6563147,Erste Group / Sparkassen,https://www.sparkasse.at/horn,,,,,,,,,none,,none,,none,,none,,none,,false
Sparkasse Imst,Austria,AT,Imst,,47.2381536,10.7406982,Erste Group / Sparkassen,https://www.sparkasse.at/imst,,,,,,,,,none,,none,,none,,none,,none,,false
Sparkasse Korneuburg,Austria,AT,Korneuburg,,48.3440605,16.3334321,Erste Group / Sparkassen,https://www.sparkasse.at/korneuburg,,,,,,,,,none,,none,,none,,none,,none,,false
Sparkasse Kremstal-Pyhrn,Austria,AT,Kirchdorf an der Krems,,47.905194,14.1244169,Erste Group / Sparkassen,https://www.sparkasse.at/kremstal-pyhrn,,,,,,,,,none,,none,,none,,none,,none,,false
Sparkasse Kufstein,Austria,AT,Kufstein,,47.582996,12.1692134,Erste Group / Sparkassen,https://www.sparkasse.at/kufstein,,,,,,,,,none,,none,,none,,none,,none,,false
Sparkasse Muhlviertel-West,Austria,AT,Rohrbach,,48.5723052,13.9908156,Erste Group / Sparkassen,https://www.sparkasse.at/muehlviertel-west,,,,,,,,,none,,none,,none,,none,,none,,false
Sparkasse Neunkirchen,Austria,AT,Neunkirchen,,47.7221147,16.081602,Erste Group / Sparkassen,https://www.sparkasse.at/neunkirchen,,,,,,,,,none,,none,,none,,none,,none,,false
Sparkasse Niederosterreich Mitte West,Austria,AT,Sankt Polten,,48.2043985,15.6229118,Erste Group / Sparkassen,https://www.sparkasse.at/noe-mitte-west,,,,,,,,,none,,none,,none,,none,,none,,false
Sparkasse Reutte,Austria,AT,Reutte,,47.4891092,10.7187955,Erste Group / Sparkassen,https://www.sparkasse.at/reutte,,,,,,,,,none,,none,,none,,none,,none,,false
Sparkasse Salzkammergut,Austria,AT,Bad Ischl,,47.7115299,13.6239333,Erste Group / Sparkassen,https://www.sparkasse.at/salzkammergut,,,,,,,,,none,,none,,none,,none,,none,,false
Sparkasse Schwaz,Austria,AT,Schwaz,,47.3449529,11.7084253,Erste Group / Sparkassen,https://www.sparkasse.at/schwaz,,,,,,,,,none,,none,,none,,none,,none,,false
Steiermarkische Sparkasse,Austria,AT,Graz,,47.0708678,15.4382786,Erste Group / Sparkassen,https://www.sparkasse.at/steiermaerkische,,,,,,,,,none,,none,,none,,none,,none,,false
Tiroler Sparkasse,Austria,AT,Innsbruck,,47.2654296,11.3927685,Erste Group / Sparkassen,https://www.sparkasse.at/tirol,,,,,,,,,none,,none,,none,,none,,none,,false
Waldviertler Sparkasse von 1842,Austria,AT,Waidhofen an der Thaya,,48.8146165,15.284518,Erste Group / Sparkassen,https://www.sparkasse.at/waldviertler,,,,,,,,,none,,none,,none,,none,,none,,false
Wiener Neustadter Sparkasse,Austria,AT,Wiener Neustadt,,47.8131847,16.2441166,Erste Group / Sparkassen,https://www.sparkasse.at/wiener-neustaedter,,,,,,,,,none,,none,,none,,none,,none,,false
Argenta,Belgium,BE,Antwerp,,51.2211097,4.3997081,,https://www.argenta.be,,,,,,,,,none,,none,,none,,none,,none,,false
Belfius Bank,Belgium,BE,Brussels,"Place Charles Rogier 11, 1210 Brussels",50.8503,4.3517,,https://www.belfius.be,1863,230000,4000,160000,140000,16000,600,2024,advanced,https://www.belfius.be/about-us/en/who-we-are/what-we-do/mobile,basic,https://developer.belfius.be/,intermediate,https://www.belfius.be/retail/nl/producten/betalen/zichtrekeningen/index.aspx,intermediate,https://www.belfius.be/retail/nl/contact/chatbot/index.aspx,intermediate,https://www.belfius.be/about-us/en/working-at-belfius,false
Crelan,Belgium,BE,Brussels,,50.8467372,4.352493,,https://www.crelan.be,,,,,,,,,none,,none,,none,,none,,none,,false
KBC Brussels,Belgium,BE,Brussels,"Avenue du Port 2, 1080 Brussels",50.8503,4.3517,KBC Group,https://www.kbcbrussels.be,1935,350000,13000,230000,205000,42000,900,2024,advanced,https://www.kbcbrussels.be/retail/en/products/payments/self-banking/on-your-smartphone/mobile-banking.html,advanced,https://developer.kbc.be/,intermediate,https://www.kbcbrussels.be/retail/en/products/payments/current-accounts/open-plus-account-for-expats.html,intermediate,https://www.kbcbrussels.be/retail/en/processes/digital-assistant-kate.html,advanced,https://newsroom.kbc.com/en,false
Ceska sporitelna,Czech Republic,CZ,Prague,"Olbrachtova 1929/62, 140 00 Prague",50.0755,14.4378,Erste Group,https://www.csas.cz,1825,80000,4500,57000,45000,9500,380,2024,advanced,https://www.csas.cz/cs/internetove-bankovnictvi/george,intermediate,https://developers.csas.cz/?lang=en,intermediate,https://www.csas.cz/cs/osobni-finance/ucty-karty/ucet-plus,intermediate,https://www.databricks.com/blog/ceska-erste-genai,intermediate,https://www.microsoft.com/en/customers/story/1442614428349876804-csas-banking-capital-markets-azure-en-czech,false
Fio banka,Czech Republic,CZ,Prague,,50.0874654,14.4212535,,https://www.fio.cz,,,,,,,,,none,,none,,none,,none,,none,,false
MONETA Money Bank,Czech Republic,CZ,Prague,,50.0874654,14.4212535,,https://www.moneta.cz,,,,,,,,,none,,none,,none,,none,,none,,false
Arbejdernes Landsbank,Denmark,DK,Copenhagen,,55.6867243,12.5700724,,https://www.al-bank.dk,,,,,,,,,none,,none,,none,,none,,none,,false
Danske Andelskassers Bank,Denmark,DK,Aarhus,,56.1496278,10.2134046,,https://www.dab.dk,,,,,,,,,none,,none,,none,,none,,none,,false
Middelfart Sparekasse,Denmark,DK,Middelfart,,55.4993014,9.7392181,,https://www.middelfart-sparekasse.dk,,,,,,,,,none,,none,,none,,none,,none,,false
Nykredit,Denmark,DK,Copenhagen,"Kalvebod Brygge 1-3, 1780 Copenhagen V",55.6761,12.5683,Nykredit Group,https://www.nykredit.com,1851,215000,1100,145000,130000,4200,70,2024,advanced,https://www.nykredit.dk/dit-liv/daglig-okonomi/mitnykredit-netbank/mitnykredit-pa-mobil-og-tablet/,basic,https://www.nykredit.dk/personoplysninger-og-cookies/payment-service-directive-ii-psd2/,intermediate,https://www.nykredit.dk/dit-liv/nykredit-bank/,none,,intermediate,https://www.nykredit.com/en-gb/career/nykredit-dci/,false
Sparekassen Kronjylland,Denmark,DK,Randers,,56.4617545,10.0371476,,https://www.sparekassenkronjylland.dk,,,,,,,,,none,,none,,none,,none,,none,,false
Aito Saastopankki,Finland,FI,Tampere,,61.4977929,23.7616372,Savings Banks Group,https://www.saastopankki.fi/fi-fi/pankit-ja-konttorit/aito-saastopankki,,,,,,,,,none,,none,,none,,none,,none,,false
Aktia Bank,Finland,FI,Helsinki,"Mannerheimintie 14, 00100 Helsinki",60.1699,24.9384,,https://www.aktia.com,1991,14000,600,9000,8000,900,35,2024,advanced,https://www.aktia.fi/fi/paivittaiset-raha-asiat/mobiilipankki,basic,https://www.aktia.fi/fi/open-banking,intermediate,https://www.aktia.fi/fi/tule-asiakkaaksi,none,,basic,https://www.aktia.com/en/careers,false
Avain Saastopankki,Finland,FI,Kauhava,,63.0993728,23.0569547,Savings Banks Group,https://www.saastopankki.fi/fi-fi/pankit-ja-konttorit/avain-saastopankki,,,,,,,,,none,,none,,none,,none,,none,,false
Helmi Saastopankki,Finland,FI,Lahti,,60.982628,25.6613418,Savings Banks Group,https://www.saastopankki.fi/fi-fi/pankit-ja-konttorit/helmi-saastopankki,,,,,,,,,none,,none,,none,,none,,none,,false
Lammin Saastopankki,Finland,FI,Hameenlinna,,60.9966192,24.465141,Savings Banks Group,https://www.saastopankki.fi/fi-fi/pankit-ja-konttorit/lammin-saastopankki,,,,,,,,,none,,none,,none,,none,,none,,false
Lansi-Uudenmaan Saastopankki,Finland,FI,Lohja,,60.2512041,24.0676953,Savings Banks Group,https://www.saastopankki.fi/fi-fi/pankit-ja-konttorit/lansi-uudenmaan-saastopankki,,,,,,,,,none,,none,,none,,none,,none,,false
Myrskyla Saastopankki,Finland,FI,Myrskyla,,60.6702833,25.8513925,Savings Banks Group,,,,,,,,,,none,,none,,none,,none,,none,,false
Nooa Saastopankki,Finland,FI,Helsinki,,60.1666204,24.9435408,Savings Banks Group,https://www.saastopankki.fi/fi-fi/pankit-ja-konttorit/nooa-saastopankki,,,,,,,,,none,,none,,none,,none,,none,,false
OP Financial Group,Finland,FI,Helsinki,"Gebhardinaukio 1, 00510 Helsinki",60.1699,24.9384,OP Cooperative,https://www.op.fi,1902,192000,4500,130000,98000,14000,370,2024,advanced,https://www.op.fi/en/private-customers/digital-services/op-mobile,basic,https://www.op.fi/en/private-customers/daily-banking/payment/psd2,advanced,https://www.op.fi/en/private-customers/customerinfo/become-op-customer,none,,intermediate,https://www.op.fi/en/about-op-pohjola/career/career-opportunities/development-and-technologies/,false
Saastopankki Optia,Finland,FI,Iisalmi,,63.5588594,27.1909622,Savings Banks Group,https://www.saastopankki.fi/fi-fi/pankit-ja-konttorit/saastopankki-optia,,,,,,,,,none,,none,,none,,none,,none,,false
Saastopankki Sinetti,Finland,FI,Orivesi,,61.6775495,24.3587506,Savings Banks Group,,,,,,,,,,none,,none,,none,,none,,none,,false
Savings Banks Group (Saastopankki),Finland,FI,Helsinki,"Teollisuuskatu 33, 00510 Helsinki",60.1699,24.9384,Savings Banks Group,https://www.saastopankki.fi,1822,16000,1000,11000,9000,1400,120,2024,advanced,https://www.saastopankki.fi/fi-fi/asiakaspalvelu/yhteydenottokanavat/saastopankki-mobiili,basic,https://www.saastopankki.fi/fi-fi/asiakaspalvelu/verkkopalvelut/psd2-ja-open-banking,advanced,https://www.saastopankki.fi/en/support/become-our-customer,basic,https://www.saastopankki.fi/fi-fi/asiakaspalvelu/yhteydenottokanavat/chat,basic,https://www.saastopankki.fi/en/savingsbanksgroup,false
Someron Saastopankki,Finland,FI,Somero,,60.6299165,23.5139982,Savings Banks Group,,,,,,,,,,none,,none,,none,,none,,none,,false
Caisse d'Epargne Aquitaine Poitou-Charentes,France,FR,Bordeaux,,44.841225,-0.5800364,BPCE,https://www.caisse-epargne.fr/aquitaine-poitou-charentes/,,,,,,,,,none,,none,,none,,none,,none,,false
Caisse d'Epargne Auvergne et Limousin,France,FR,Clermont-Ferrand,,45.7774551,3.0819427,BPCE,https://www.caisse-epargne.fr/auvergne-limousin/,,,,,,,,,none,,none,,none,,none,,none,,false
Caisse d'Epargne Bourgogne Franche-Comte,France,FR,Dijon,,47.3215806,5.0414701,BPCE,https://www.caisse-epargne.fr/bourgogne-franche-comte/,,,,,,,,,none,,none,,none,,none,,none,,false
Caisse d'Epargne Bretagne Pays de Loire,France,FR,Rennes,,48.1113387,-1.6800198,BPCE,https://www.caisse-epargne.fr/bretagne-pays-de-loire/,,,,,,,,,none,,none,,none,,none,,none,,false
Caisse d'Epargne CEPAC,France,FR,Marseille,,43.2961743,5.3699525,BPCE,https://www.caisse-epargne.fr/cepac/,,,,,,,,,none,,none,,none,,none,,none,,false
Caisse d'Epargne Cote d'Azur,France,FR,Nice,,43.7009358,7.2683912,BPCE,https://www.caisse-epargne.fr/cote-d-azur/,,,,,,,,,none,,none,,none,,none,,none,,false
Caisse d'Epargne Grand Est Europe,France,FR,Strasbourg,,48.584614,7.7507127,BPCE,https://www.caisse-epargne.fr/grand-est-europe/,,,,,,,,,none,,none,,none,,none,,none,,false
Caisse d'Epargne Hauts de France,France,FR,Lille,,50.6365654,3.0635282,BPCE,https://www.caisse-epargne.fr/hauts-de-france/,,,,,,,,,none,,none,,none,,none,,none,,false
Caisse d'Epargne Ile-de-France,France,FR,Paris,,48.8588897,2.320041,BPCE,https://www.caisse-epargne.fr/ile-de-france/,,,,,,,,,none,,none,,none,,none,,none,,false
Caisse d'Epargne Languedoc Roussillon,France,FR,Montpellier,,43.6112422,3.8767337,BPCE,https://www.caisse-epargne.fr/languedoc-roussillon/,,,,,,,,,none,,none,,none,,none,,none,,false
Caisse d'Epargne Loire Centre,France,FR,Orleans,,47.9027336,1.9086066,BPCE,https://www.caisse-epargne.fr/loire-centre/,,,,,,,,,none,,none,,none,,none,,none,,false
Caisse d'Epargne Loire Drome Ardeche,France,FR,Saint-Etienne,,45.4401467,4.3873058,BPCE,https://www.caisse-epargne.fr/loire-drome-ardeche/,,,,,,,,,none,,none,,none,,none,,none,,false
Caisse d'Epargne Midi-Pyrenees,France,FR,Toulouse,,43.6044638,1.4442433,BPCE,https://www.caisse-epargne.fr/midi-pyrenees/,,,,,,,,,none,,none,,none,,none,,none,,false
Caisse d'Epargne Normandie,France,FR,Rouen,,49.4404591,1.0939658,BPCE,https://www.caisse-epargne.fr/normandie/,,,,,,,,,none,,none,,none,,none,,none,,false
Caisse d'Epargne Rhone Alpes,France,FR,Lyon,,45.7578137,4.8320114,BPCE,https://www.caisse-epargne.fr/rhone-alpes/,,,,,,,,,none,,none,,none,,none,,none,,false
Credit Agricole Group,France,FR,Paris,"12 Place des Etats-Unis, 92127 Montrouge",48.8162,2.3139,Credit Agricole,https://www.credit-agricole.com,1894,2763000,54000,1700000,1200000,154000,7000,2024,advanced,https://www.credit-agricole.fr/particulier/applications/ma-banque.html,basic,https://developer.ca-cib.com/,intermediate,https://www.credit-agricole.fr/particulier/ouvrir-un-compte.html,basic,https://www.credit-agricole.fr/particulier/faq.html,advanced,https://www.credit-agricole.com/en/finance/financial-publications,true
Credit Mutuel Alliance Federale,France,FR,Strasbourg,"4 Rue Frederic-Guillaume Raiffeisen, 67000 Strasbourg",48.5734,7.7521,Credit Mutuel,https://www.creditmutuel.fr,1882,1300000,31000,483000,527000,77000,4000,2024,advanced,https://www.creditmutuel.fr/fr/particuliers/comptes/application-mobile-credit-mutuel.html,basic,https://www.creditmutuel.fr/oauth2/en/devportal/open-banking-api.html,intermediate,https://www.creditmutuel.fr/fr/particuliers/comptes/ouvrir-un-compte.html,intermediate,https://www.creditmutuel.fr/fr/particuliers/mobile/obtenez-des-reponses-a-vos-questions.html,advanced,https://www.creditmutuelalliancefederale.fr/en/who-are-we/our-business-lines-and-subsidiaries.html,true
Groupe BPCE (Caisse d'Epargne network),France,FR,Paris,"7 promenade Germaine Sablon, 75013 Paris",48.8566,2.3522,BPCE,https://www.groupebpce.com,2009,1584560,35000,723100,851800,100000,7300,2024,advanced,https://www.caisse-epargne.fr/banque-a-distance/applications-smartphone/,basic,https://www.groupebpce.com/en,intermediate,https://www.caisse-epargne.fr/comptes-cartes/ouvrir-compte/,basic,https://www.caisse-epargne.fr/,intermediate,https://www.groupebpce.com/en/all-the-latest-news/,false
Berliner Sparkasse,Germany,DE,Berlin,"Alexanderplatz 2, 10178 Berlin",52.52,13.405,Sparkassen-Finanzgruppe,https://www.berliner-sparkasse.de,1818,46000,1900,32000,27000,4500,85,2024,advanced,https://www.berliner-sparkasse.de/de/home/service/sparkassen-app.html,basic,https://www.berliner-sparkasse.de/de/home/service/psd2.html,intermediate,https://www.berliner-sparkasse.de/de/home/privatkunden/girokonto.html,basic,https://www.berliner-sparkasse.de/de/home/toolbar/kontakt/whatsapp.html,basic,https://www.berliner-sparkasse.de/de/home/ihre-sparkasse/dein-job.html,false
Berliner Volksbank,Germany,DE,Berlin,"Budapester Strasse 35, 10787 Berlin",52.5076,13.3439,BVR,https://www.berliner-volksbank.de,1946,18600,1200,14000,12000,2000,70,2024,advanced,https://www.berliner-volksbank.de/privatkunden/banking-apps/vr-banking-app.html,basic,https://www.berliner-volksbank.de/rechtliche-hinweise/psd2.html,intermediate,https://www.berliner-volksbank.de/privatkunden/girokonten-und-karten/private-girokonten/privat-girokonto.html,none,,basic,https://www.berliner-volksbank.de/meine-bank/karriere.html,false
DZ Bank Group,Germany,DE,Frankfurt,"Platz der Republik, 60325 Frankfurt am Main",50.1109,8.6821,German Cooperative Financial Network,https://www.dzbank.com,2001,675000,30000,420000,390000,30000,9000,2024,intermediate,https://www.vr.de/privatkunden/produkte/konten-karten/mobile-banking.html,basic,https://www.dzbank.com/disclosures,basic,https://www.vr.de/privatkunden/produkte/konten-karten/girokonto.html,none,,advanced,https://www.dzbank.com/content/dzbank/en/home/we-are-dz-bank/careers.html,true
Erzgebirgssparkasse,Germany,DE,Annaberg-Buchholz,,50.5788781,13.0106108,Sparkassen-Finanzgruppe,,,,,,,,,,none,,none,,none,,none,,none,,false
Förde Sparkasse,Germany,DE,Kiel,,54.3227085,10.135555,Sparkassen-Finanzgruppe,,,,,,,,,,none,,none,,none,,none,,none,,false
Frankfurter Sparkasse,Germany,DE,Frankfurt,"Neue Mainzer Strasse 47-53, 60311 Frankfurt",50.1109,8.6821,Helaba / Sparkassen-Finanzgruppe,https://www.frankfurter-sparkasse.de,1822,21000,900,15000,12000,2200,70,2024,advanced,https://www.frankfurter-sparkasse.de/de/home/service/sparkassen-app.html,basic,https://www.frankfurter-sparkasse.de/de/home/service/psd2.html,intermediate,https://www.frankfurter-sparkasse.de/de/home/privatkunden/girokonto.html,basic,https://www.frankfurter-sparkasse.de/de/home/toolbar/kontakt.html,basic,https://www.frankfurter-sparkasse.de/de/home/ihre-sparkasse/karriere.html,false
GLS Bank,Germany,DE,Bochum,"Christstrasse 9, 44789 Bochum",51.4818,7.2162,Cooperative GLS Gemeinschaftsbank,https://www.gls.de,1974,12000,370,9000,7000,950,9,2024,intermediate,https://www.gls.de/konten-karten/banking/banking-app/,basic,https://www.gls.de/gls-bank/service/fragen-antworten/allgemeines-finanz-glossar/was-ist-psd2/,intermediate,https://www.gls.de/privatkunden/konto-karten/gls-girokonto/,none,,intermediate,https://www.gls.de/karriere/,false
Hamburger Sparkasse (Haspa),Germany,DE,Hamburg,"Adolphsplatz 3, 20457 Hamburg",53.5511,9.9937,Sparkassen-Finanzgruppe,https://www.haspa.de,1827,60000,1500,42000,33000,5000,100,2024,advanced,https://www.haspa.de/de/home/privatkunden/online-services/sparkassen-app.html,basic,https://www.haspa.de/de/home/service/psd2.html,intermediate,https://www.haspa.de/de/home/privatkunden/girokonto.html,basic,https://www.haspa.de/de/home/services-und-hilfe/die-top-links/kontakt.html,basic,https://www.haspa.de/de/home/unternehmen-haspa/karriere.html,false
Hohenzollerische Landesbank Kreissparkasse Sigmaringen,Germany,DE,Sigmaringen,,48.0869139,9.2165039,Sparkassen-Finanzgruppe,,,,,,,,,,none,,none,,none,,none,,none,,false
Kasseler Sparkasse,Germany,DE,Kassel,,51.3157833,9.4978479,Sparkassen-Finanzgruppe,,,,,,,,,,none,,none,,none,,none,,none,,false
Kreissparkasse Ahrweiler,Germany,DE,Bad Neuenahr-Ahrweiler,,50.5444551,7.1186671,Sparkassen-Finanzgruppe,,,,,,,,,,none,,none,,none,,none,,none,,false
Kreissparkasse Diepholz,Germany,DE,Syke,,52.9131332,8.8198737,Sparkassen-Finanzgruppe,,,,,,,,,,none,,none,,none,,none,,none,,false
Kreissparkasse Düsseldorf,Germany,DE,Düsseldorf,,51.2254018,6.7763137,Sparkassen-Finanzgruppe,,,,,,,,,,none,,none,,none,,none,,none,,false
Kreissparkasse Freudenstadt,Germany,DE,Freudenstadt,,48.4637727,8.4111727,Sparkassen-Finanzgruppe,,,,,,,,,,none,,none,,none,,none,,none,,false
Kreissparkasse Koeln,Germany,DE,Cologne,"Neumarkt 18-24, 50667 Cologne",50.9375,6.9603,Sparkassen-Finanzgruppe,https://www.ksk-koeln.de,1853,34000,1600,24000,20000,3800,110,2024,advanced,https://www.ksk-koeln.de/de/home/service/sparkassen-app.html,basic,https://www.ksk-koeln.de/de/home/service/psd2.html,intermediate,https://www.ksk-koeln.de/de/home/privatkunden/girokonto.html,basic,https://www.ksk-koeln.de/de/home/toolbar/kontakt.html,basic,https://www.ksk-koeln.de/de/home/ihre-sparkasse/karriere.html,false
Kreissparkasse Köln,Germany,DE,Köln,,50.938361,6.959974,Sparkassen-Finanzgruppe,,,,,,,,,,none,,none,,none,,none,,none,,false
Kreissparkasse Limburg,Germany,DE,Limburg an der Lahn,,50.3880447,8.063531,Sparkassen-Finanzgruppe,,,,,,,,,,none,,none,,none,,none,,none,,false
Kreissparkasse Ludwigsburg,Germany,DE,Ludwigsburg,,48.8953937,9.1895147,Sparkassen-Finanzgruppe,,,,,,,,,,none,,none,,none,,none,,none,,false
Kreissparkasse Ostalb,Germany,DE,Aalen,,48.8375607,10.0929593,Sparkassen-Finanzgruppe,,,,,,,,,,none,,none,,none,,none,,none,,false
Kreissparkasse Saarlouis,Germany,DE,Saarlouis,,49.3164661,6.749846,Sparkassen-Finanzgruppe,,,,,,,,,,none,,none,,none,,none,,none,,false
Kreissparkasse Stade,Germany,DE,Stade,,53.599794,9.475438,Sparkassen-Finanzgruppe,,,,,,,,,,none,,none,,none,,none,,none,,false
Kreissparkasse Traunstein-Trostberg,Germany,DE,Traunstein,,47.8695272,12.6484621,Sparkassen-Finanzgruppe,,,,,,,,,,none,,none,,none,,none,,none,,false
Kreissparkasse Tübingen,Germany,DE,Tübingen,,48.5203263,9.053596,Sparkassen-Finanzgruppe,,,,,,,,,,none,,none,,none,,none,,none,,false
Kreissparkasse Verden,Germany,DE,Verden (Aller),,52.9410676,9.2354716,Sparkassen-Finanzgruppe,,,,,,,,,,none,,none,,none,,none,,none,,false
Kreissparkasse Waiblingen,Germany,DE,Waiblingen,,48.8325659,9.3163822,Sparkassen-Finanzgruppe,,,,,,,,,,none,,none,,none,,none,,none,,false
Mittelbrandenburgische Sparkasse in Potsdam,Germany,DE,Potsdam,,52.4009309,13.0591397,Sparkassen-Finanzgruppe,,,,,,,,,,none,,none,,none,,none,,none,,false
Müritz-Sparkasse,Germany,DE,Waren (Müritz),,53.5156249,12.6850606,Sparkassen-Finanzgruppe,,,,,,,,,,none,,none,,none,,none,,none,,false
Nassauische Sparkasse,Germany,DE,Wiesbaden,,50.0820384,8.2416556,Sparkassen-Finanzgruppe,,,,,,,,,,none,,none,,none,,none,,none,,false
Ostsächsische Sparkasse Dresden,Germany,DE,Dresden,,51.0493286,13.7381437,Sparkassen-Finanzgruppe,,,,,,,,,,none,,none,,none,,none,,none,,false
Rheinhessen Sparkasse,Germany,DE,Mainz,,49.9995205,8.2736253,Sparkassen-Finanzgruppe,,,,,,,,,,none,,none,,none,,none,,none,,false
Sparkasse Aachen,Germany,DE,Aachen,,50.776351,6.083862,Sparkassen-Finanzgruppe,,,,,,,,,,none,,none,,none,,none,,none,,false
Sparkasse Altbayern,Germany,DE,Aichach,,48.4591478,11.1309953,Sparkassen-Finanzgruppe,,,,,,,,,,none,,none,,none,,none,,none,,false
Sparkasse Altenburger Land,Germany,DE,Altenburg,,50.9852411,12.4340988,Sparkassen-Finanzgruppe,,,,,,,,,,none,,none,,none,,none,,none,,false
Sparkasse Amberg-Sulzbach,Germany,DE,Amberg,,49.4543662,11.8474021,Sparkassen-Finanzgruppe,,,,,,,,,,none,,none,,none,,none,,none,,false
Sparkasse an Ennepe und Ruhr,Germany,DE,Gevelsberg,,51.3207417,7.3404792,Sparkassen-Finanzgruppe,,,,,,,,,,none,,none,,none,,none,,none,,false
Sparkasse Ansbach,Germany,DE,Ansbach,,49.2888745,10.5597693,Sparkassen-Finanzgruppe,,,,,,,,,,none,,none,,none,,none,,none,,false
Sparkasse Aschaffenburg Miltenberg,Germany,DE,Aschaffenburg/Miltenberg,,49.9794964,9.145168,Sparkassen-Finanzgruppe,,,,,,,,,,none,,none,,none,,none,,none,,false
Sparkasse Attendorn-Lennestadt-Kirchhundem,Germany,DE,Attendorn,,51.1250541,7.9010992,Sparkassen-Finanzgruppe,,,,,,,,,,none,,none,,none,,none,,none,,false
Sparkasse Aurich-Norden,Germany,DE,Aurich/Norden,,53.6270653,7.1629737,Sparkassen-Finanzgruppe,,,,,,,,,,none,,none,,none,,none,,none,,false
Sparkasse Bad Hersfeld-Rotenburg,Germany,DE,Bad Hersfeld,,50.8604177,9.6767709,Sparkassen-Finanzgruppe,,,,,,,,,,none,,none,,none,,none,,none,,false
Sparkasse Bad Kissingen,Germany,DE,Bad Kissingen,,50.1999412,10.0767379,Sparkassen-Finanzgruppe,,,,,,,,,,none,,none,,none,,none,,none,,false
Sparkasse Bad Neustadt a. d. Saale,Germany,DE,Bad Neustadt an der Saale,,50.322637,10.2164873,Sparkassen-Finanzgruppe,,,,,,,,,,none,,none,,none,,none,,none,,false
Sparkasse Bad Oeynhausen - Porta Westfalica,Germany,DE,Bad Oeynhausen,,52.2014399,8.7981244,Sparkassen-Finanzgruppe,,,,,,,,,,none,,none,,none,,none,,none,,false
Sparkasse Bad Tölz-Wolfratshausen,Germany,DE,Bad Tölz,,47.7610013,11.559607,Sparkassen-Finanzgruppe,,,,,,,,,,none,,none,,none,,none,,none,,false
Sparkasse Baden-Baden Gaggenau,Germany,DE,Baden-Baden,,48.7610716,8.239959,Sparkassen-Finanzgruppe,,,,,,,,,,none,,none,,none,,none,,none,,false
Sparkasse Berchtesgadener Land,Germany,DE,Bad Reichenhall,,47.7222676,12.8760923,Sparkassen-Finanzgruppe,,,,,,,,,,none,,none,,none,,none,,none,,false
Sparkasse Bremen,Germany,DE,Bremen,"Am Brill 1-3, 28195 Bremen",53.0793,8.8017,Sparkassen-Finanzgruppe,https://www.sparkasse-bremen.de,1825,14000,600,10000,8000,1300,40,2024,advanced,https://www.sparkasse-bremen.de/de/home/service/sparkassen-app.html,basic,https://www.sparkasse-bremen.de/de/home/service/psd2.html,intermediate,https://www.sparkasse-bremen.de/de/home/privatkunden/girokonto.html,basic,https://www.sparkasse-bremen.de/de/home/toolbar/kontakt.html,basic,https://www.sparkasse-bremen.de/de/home/ihre-sparkasse/karriere.html,false
Sparkasse Burgenlandkreis,Germany,DE,Zeitz,,51.0491637,12.1349991,Sparkassen-Finanzgruppe,,,,,,,,,,none,,none,,none,,none,,none,,false
Sparkasse Dortmund,Germany,DE,Dortmund,,51.5142273,7.4652789,Sparkassen-Finanzgruppe,,,,,,,,,,none,,none,,none,,none,,none,,false
Sparkasse Duisburg,Germany,DE,Duisburg,,51.434999,6.759562,Sparkassen-Finanzgruppe,,,,,,,,,,none,,none,,none,,none,,none,,false
Sparkasse Freiburg-Nördlicher Breisgau,Germany,DE,Freiburg im Breisgau,,47.9960901,7.8494005,Sparkassen-Finanzgruppe,,,,,,,,,,none,,none,,none,,none,,none,,false
Sparkasse Freising Moosburg,Germany,DE,Freising,,48.4008273,11.7439565,Sparkassen-Finanzgruppe,,,,,,,,,,none,,none,,none,,none,,none,,false
Sparkasse Fulda,Germany,DE,Fulda,,50.5542328,9.6770448,Sparkassen-Finanzgruppe,,,,,,,,,,none,,none,,none,,none,,none,,false
Sparkasse Fürth,Germany,DE,Fürth,,49.4885711,10.9587203,Sparkassen-Finanzgruppe,,,,,,,,,,none,,none,,none,,none,,none,,false
Sparkasse Gelsenkirchen,Germany,DE,Gelsenkirchen,,51.5110321,7.0960124,Sparkassen-Finanzgruppe,,,,,,,,,,none,,none,,none,,none,,none,,false
Sparkasse Hannover,Germany,DE,Hannover,"Raschplatz 4, 30161 Hannover",52.3759,9.732,Sparkassen-Finanzgruppe,https://www.sparkasse-hannover.de,1823,28000,1200,19000,15000,2700,90,2024,advanced,https://www.sparkasse-hannover.de/de/home/privatkunden/banking-und-bezahlen/banking-angebot/sparkassen-app.html,basic,https://www.sparkasse-hannover.de/de/home/ihre-sparkasse/dialogcenter.html,intermediate,https://www.sparkasse-hannover.de/de/home/privatkunden/girokonto.html,basic,https://www.sparkasse-hannover.de/de/home/kontakt.html,basic,https://www.sparkasse-hannover.de/de/home/ihre-sparkasse/karriere.html,false
Sparkasse Hegau-Bodensee,Germany,DE,Singen,,47.7617515,8.8348709,Sparkassen-Finanzgruppe,,,,,,,,,,none,,none,,none,,none,,none,,false
Sparkasse Hilden-Ratingen-Velbert,Germany,DE,Velbert,,51.3406713,7.0439912,Sparkassen-Finanzgruppe,,,,,,,,,,none,,none,,none,,none,,none,,false
Sparkasse Hochrhein,Germany,DE,Waldshut-Tiengen,,47.6281754,8.2408579,Sparkassen-Finanzgruppe,,,,,,,,,,none,,none,,none,,none,,none,,false
Sparkasse Holstein,Germany,DE,Bad Oldesloe,,53.8096562,10.3733692,Sparkassen-Finanzgruppe,,,,,,,,,,none,,none,,none,,none,,none,,false
Sparkasse Kaiserslautern,Germany,DE,Kaiserslautern,,49.4432174,7.7689951,Sparkassen-Finanzgruppe,,,,,,,,,,none,,none,,none,,none,,none,,false
Sparkasse Karlsruhe,Germany,DE,Karlsruhe,,49.0068705,8.4034195,Sparkassen-Finanzgruppe,,,,,,,,,,none,,none,,none,,none,,none,,false
Sparkasse KoelnBonn,Germany,DE,Cologne,"Hahnenstrasse 57, 50667 Cologne",50.9375,6.9603,Sparkassen-Finanzgruppe,https://www.sparkasse-koelnbonn.de,1826,33000,1000,24000,19000,3600,120,2024,advanced,https://www.sparkasse-koelnbonn.de/de/home/service/sparkassen-app.html,basic,https://www.sparkasse-koelnbonn.de/de/home/service/psd2.html,intermediate,https://www.sparkasse-koelnbonn.de/de/home/privatkunden/girokonto.html,basic,https://www.sparkasse-koelnbonn.de/de/home/service/kontakt.html,basic,https://www.sparkasse-koelnbonn.de/de/home/ihre-sparkasse/karriere.html,false
Sparkasse KölnBonn,Germany,DE,Köln,,50.938361,6.959974,Sparkassen-Finanzgruppe,,,,,,,,,,none,,none,,none,,none,,none,,false
Sparkasse Krefeld,Germany,DE,Krefeld,,51.3331205,6.5623343,Sparkassen-Finanzgruppe,,,,,,,,,,none,,none,,none,,none,,none,,false
Sparkasse Leverkusen,Germany,DE,Leverkusen,,51.0324743,6.9881194,Sparkassen-Finanzgruppe,,,,,,,,,,none,,none,,none,,none,,none,,false
Sparkasse Lörrach-Rheinfelden,Germany,DE,Lörrach,,47.6120896,7.6607218,Sparkassen-Finanzgruppe,,,,,,,,,,none,,none,,none,,none,,none,,false
Sparkasse Lüneburg,Germany,DE,Lüneburg,,53.248706,10.407855,Sparkassen-Finanzgruppe,,,,,,,,,,none,,none,,none,,none,,none,,false
Sparkasse Magdeburg,Germany,DE,Magdeburg,,52.1314783,11.6400789,Sparkassen-Finanzgruppe,,,,,,,,,,none,,none,,none,,none,,none,,false
Sparkasse Mainfranken Würzburg,Germany,DE,Würzburg,,49.7933723,9.9309779,Sparkassen-Finanzgruppe,,,,,,,,,,none,,none,,none,,none,,none,,false
Sparkasse Marburg-Biedenkopf,Germany,DE,Marburg,,50.8090106,8.7704695,Sparkassen-Finanzgruppe,,,,,,,,,,none,,none,,none,,none,,none,,false
Sparkasse Märkisch-Oderland,Germany,DE,Strausberg,,52.5588942,13.9042481,Sparkassen-Finanzgruppe,,,,,,,,,,none,,none,,none,,none,,none,,false
Sparkasse Mecklenburg-Nordwest,Germany,DE,Wismar,,53.8909832,11.4647932,Sparkassen-Finanzgruppe,,,,,,,,,,none,,none,,none,,none,,none,,false
Sparkasse Mecklenburg-Schwerin,Germany,DE,Schwerin,,53.6288297,11.4148038,Sparkassen-Finanzgruppe,,,,,,,,,,none,,none,,none,,none,,none,,false
Sparkasse Mittelsachsen,Germany,DE,Freiberg,,50.9169415,13.3428889,Sparkassen-Finanzgruppe,,,,,,,,,,none,,none,,none,,none,,none,,false
Sparkasse Niederbayern-Mitte,Germany,DE,Straubing,,48.8839157,12.5955773,Sparkassen-Finanzgruppe,,,,,,,,,,none,,none,,none,,none,,none,,false
Sparkasse Oberhessen,Germany,DE,Friedberg (Hessen),,50.328272,8.747636,Sparkassen-Finanzgruppe,,,,,,,,,,none,,none,,none,,none,,none,,false
Sparkasse Oberlausitz-Niederschlesien,Germany,DE,Zittau,,50.8960964,14.8064807,Sparkassen-Finanzgruppe,,,,,,,,,,none,,none,,none,,none,,none,,false
Sparkasse Oberpfalz Nord,Germany,DE,Weiden in der Oberpfalz,,49.6752749,12.1631636,Sparkassen-Finanzgruppe,,,,,,,,,,none,,none,,none,,none,,none,,false
Sparkasse Oder-Spree,Germany,DE,Frankfurt (Oder),,52.3412273,14.549452,Sparkassen-Finanzgruppe,,,,,,,,,,none,,none,,none,,none,,none,,false
Sparkasse Passau,Germany,DE,Passau,,48.5748229,13.4609744,Sparkassen-Finanzgruppe,,,,,,,,,,none,,none,,none,,none,,none,,false
Sparkasse Pforzheim Calw,Germany,DE,Pforzheim,,48.890934,8.7025509,Sparkassen-Finanzgruppe,,,,,,,,,,none,,none,,none,,none,,none,,false
Sparkasse Rhein Neckar Nord,Germany,DE,Mannheim,,49.4892913,8.4673098,Sparkassen-Finanzgruppe,,,,,,,,,,none,,none,,none,,none,,none,,false
Sparkasse Rhein-Haardt,Germany,DE,Bad Dürkheim,,49.4632944,8.1705063,Sparkassen-Finanzgruppe,,,,,,,,,,none,,none,,none,,none,,none,,false
Sparkasse Rhein-Nahe,Germany,DE,Bad Kreuznach,,49.8152421,7.9123692,Sparkassen-Finanzgruppe,,,,,,,,,,none,,none,,none,,none,,none,,false
Sparkasse Rotenburg Osterholz,Germany,DE,Zeven,,53.2954396,9.2816165,Sparkassen-Finanzgruppe,,,,,,,,,,none,,none,,none,,none,,none,,false
Sparkasse Saarbrücken,Germany,DE,Saarbrücken,,49.234362,6.996379,Sparkassen-Finanzgruppe,,,,,,,,,,none,,none,,none,,none,,none,,false
Sparkasse Schwarzwald-Baar,Germany,DE,Villingen-Schwenningen,,48.063152,8.4929618,Sparkassen-Finanzgruppe,,,,,,,,,,none,,none,,none,,none,,none,,false
Sparkasse Schweinfurt-Haßberge,Germany,DE,Schweinfurt,,50.0499318,10.2335087,Sparkassen-Finanzgruppe,,,,,,,,,,none,,none,,none,,none,,none,,false
Sparkasse Siegen,Germany,DE,Siegen,,50.8751175,8.0256131,Sparkassen-Finanzgruppe,,,,,,,,,,none,,none,,none,,none,,none,,false
Sparkasse Sonneberg,Germany,DE,Sonneberg,,50.3575412,11.1691714,Sparkassen-Finanzgruppe,,,,,,,,,,none,,none,,none,,none,,none,,false
Sparkasse Trier,Germany,DE,Trier,,49.7596208,6.6441878,Sparkassen-Finanzgruppe,,,,,,,,,,none,,none,,none,,none,,none,,false
Sparkasse Uckermark,Germany,DE,Prenzlau,,53.3167,13.866575,Sparkassen-Finanzgruppe,,,,,,,,,,none,,none,,none,,none,,none,,false
Sparkasse Ulm,Germany,DE,Ulm,,48.3984968,9.9912458,Sparkassen-Finanzgruppe,,,,,,,,,,none,,none,,none,,none,,none,,false
Sparkasse Westerwald-Sieg,Germany,DE,Bad Marienberg,,50.6500761,7.948217,Sparkassen-Finanzgruppe,,,,,,,,,,none,,none,,none,,none,,none,,false
Sparkasse Westmünsterland,Germany,DE,Ahaus,,52.0761541,7.004876,Sparkassen-Finanzgruppe,,,,,,,,,,none,,none,,none,,none,,none,,false
Sparkasse Zwickau,Germany,DE,Zwickau,,50.7185043,12.4939267,Sparkassen-Finanzgruppe,,,,,,,,,,none,,none,,none,,none,,none,,false
Sparkassen-Finanzgruppe,Germany,DE,Berlin,"Charlottenstrasse 47, 10117 Berlin",52.52,13.4050,Sparkassen-Finanzgruppe,https://www.sparkasse.de,1778,2500000,50000,1700000,1600000,300000,12000,2024,advanced,https://www.sparkasse.de/pk/produkte/konten-und-karten/finanzen-apps/s-app.html,basic,https://www.sparkasse.de/pk/ratgeber/finanzplanung/banking-tipps/psd-2.html,intermediate,https://www.sparkasse.de/pk/produkte/konten-und-karten/girokonto.html,basic,https://www.sparkasse.de/pk/ratgeber/finanzplanung/banking-tipps.html,basic,https://www.dsv-gruppe.de/,false
Stadt-Sparkasse Solingen,Germany,DE,Solingen,,51.1721629,7.0845893,Sparkassen-Finanzgruppe,,,,,,,,,,none,,none,,none,,none,,none,,false
Stadtsparkasse Augsburg,Germany,DE,Augsburg,,48.3690341,10.8979522,Sparkassen-Finanzgruppe,,,,,,,,,,none,,none,,none,,none,,none,,false
Stadtsparkasse Bad Pyrmont,Germany,DE,Bad Pyrmont,,51.9850503,9.2434635,Sparkassen-Finanzgruppe,,,,,,,,,,none,,none,,none,,none,,none,,false
Stadtsparkasse Duesseldorf,Germany,DE,Duesseldorf,"Berliner Allee 33, 40212 Duesseldorf",51.2277,6.7735,Sparkassen-Finanzgruppe,https://www.sskduesseldorf.de,1825,18000,700,12000,10000,1800,45,2024,advanced,https://www.sskduesseldorf.de/de/home/service/sparkassen-app.html,basic,https://www.sskduesseldorf.de/de/home/aktionen/psd2.html,intermediate,https://www.sskduesseldorf.de/de/home/privatkunden/girokonto.html,basic,https://www.sskduesseldorf.de/de/home/toolbar/kontakt.html,basic,https://www.sskduesseldorf.de/de/home/ihre-sparkasse/karriere.html,false
Stadtsparkasse Düsseldorf,Germany,DE,Düsseldorf,,51.2254018,6.7763137,Sparkassen-Finanzgruppe,,,,,,,,,,none,,none,,none,,none,,none,,false
Stadtsparkasse Schwedt,Germany,DE,Schwedt/Oder,,53.0586366,14.2840858,Sparkassen-Finanzgruppe,,,,,,,,,,none,,none,,none,,none,,none,,false
Stadtsparkasse Wuppertal,Germany,DE,Wuppertal,,51.264018,7.1780374,Sparkassen-Finanzgruppe,,,,,,,,,,none,,none,,none,,none,,none,,false
Taunus Sparkasse,Germany,DE,Bad Homburg vor der Höhe,,50.2283803,8.6130128,Sparkassen-Finanzgruppe,,,,,,,,,,none,,none,,none,,none,,none,,false
MagNet Bank,Hungary,HU,Budapest,,47.4978789,19.0402383,,https://www.magnetbank.hu,,,,,,,,,none,,none,,none,,none,,none,,false
OTP Bank,Hungary,HU,Budapest,"Nador utca 16, 1051 Budapest",47.4979,19.0402,OTP Group,https://www.otpbank.hu,1949,106000,17000,74000,56000,38000,1400,2024,advanced,https://www.otpbank.hu/portal/en/online-services/mobilebank,basic,https://www.otpbank.hu/portal/en/PSD2,intermediate,https://www.otpbank.hu/portal/en/Bank_Account/basic,none,,basic,https://www.otpbank.hu/portal/en/Aboutus,false
Arion banki,Iceland,IS,Reykjavik,,64.145981,-21.9422367,,https://www.arionbanki.is,,,,,,,,,none,,none,,none,,none,,none,,false
Islandsbanki,Iceland,IS,Reykjavik,,64.145981,-21.9422367,,https://www.islandsbanki.is,,,,,,,,,none,,none,,none,,none,,none,,false
Landsbankinn,Iceland,IS,Reykjavik,,64.145981,-21.9422367,,https://www.landsbankinn.is,,,,,,,,,none,,none,,none,,none,,none,,false
Banca Agricola Popolare di Ragusa,Italy,IT,Ragusa,,36.9256833,14.7307456,,https://www.bafrr.it,,,,,,,,,none,,none,,none,,none,,none,,false
Banca Cassa di Risparmio di Savigliano,Italy,IT,Savigliano,,44.644037,7.655929,,https://www.bancacrs.it,,,,,,,,,none,,none,,none,,none,,none,,false
Banca Centro Credito Cooperativo Toscana-Umbria,Italy,IT,Arezzo,,43.5171442,11.7639282,BCC Iccrea Group,,,,,,,,,,none,,none,,none,,none,,none,,false
Banca d'Alba,Italy,IT,Alba,,44.7007236,8.0357786,BCC Iccrea Group,https://www.bancadalba.it,,,,,,,,,none,,none,,none,,none,,none,,false
Banca del Piemonte,Italy,IT,Turin,,45.0677551,7.6824892,,https://www.bfrfrancese.it,,,,,,,,,none,,none,,none,,none,,none,,false
Banca del Territorio Lombardo,Italy,IT,Brescia,,45.7795805,10.425873,BCC Iccrea Group,,,,,,,,,,none,,none,,none,,none,,none,,false
Banca della Marca,Italy,IT,Orsago,,45.9308608,12.4235873,BCC Iccrea Group,,,,,,,,,,none,,none,,none,,none,,none,,false
Banca delle Terre Venete,Italy,IT,Castelfranco Veneto,,45.6712889,11.926151,BCC Iccrea Group,,,,,,,,,,none,,none,,none,,none,,none,,false
Banca di Asti,Italy,IT,Asti,"Piazza Liberta 23, 14100 Asti",44.9008,8.2064,,https://www.bancadiasti.it,1842,17000,500,13000,10000,1700,240,2024,intermediate,https://www.bancadiasti.it/privati/canali-digitali,none,,basic,https://www.bancadiasti.it/privati/conti,none,,basic,https://www.bancadiasti.it/chi-siamo/lavora-con-noi,false
Banca di Cividale,Italy,IT,Cividale del Friuli,,46.0936233,13.4303277,,https://www.civibank.it,,,,,,,,,none,,none,,none,,none,,none,,false
Banca di Credito Popolare,Italy,IT,Torre del Greco,,40.7879211,14.3682813,,https://www.bfrp.it,,,,,,,,,none,,none,,none,,none,,none,,false
Banca di Piacenza,Italy,IT,Piacenza,,44.8476352,9.6665313,,https://www.bancadipiacenza.it,,,,,,,,,none,,none,,none,,none,,none,,false
Banca Popolare del Frusinate,Italy,IT,Frosinone,,41.6285468,13.5758498,,,,,,,,,,,none,,none,,none,,none,,none,,false
Banca Popolare del Lazio,Italy,IT,Velletri,,41.6867015,12.7770433,,https://www.bfrfrancese.it,,,,,,,,,none,,none,,none,,none,,none,,false
Banca Popolare di Bari,Italy,IT,Bari,"Corso Cavour 19, 70122 Bari",41.1171,16.8719,MCC Group,https://www.popolarebari.it,1960,18000,1400,13000,11000,2600,220,2024,intermediate,https://www.bdmbanca.it/privati/canali-digitali/,none,,basic,https://www.bdmbanca.it/privati/conti/,none,,basic,https://www.bdmbanca.it/istituzionale/lavora-con-noi/,false
Banca Popolare di Cortona,Italy,IT,Cortona,,43.2752976,11.9850623,,,,,,,,,,,none,,none,,none,,none,,none,,false
Banca Popolare di Lajatico,Italy,IT,Lajatico,,43.4754178,10.7282838,,,,,,,,,,,none,,none,,none,,none,,none,,false
Banca Popolare di Puglia e Basilicata,Italy,IT,Altamura,,40.8543354,16.566605,,https://www.bfrs.it,,,,,,,,,none,,none,,none,,none,,none,,false
Banca Popolare di Sondrio,Italy,IT,Sondrio,"Piazza Garibaldi 16, 23100 Sondrio",46.1699,9.8713,,https://www.popso.it,1871,56000,3200,42000,35000,3500,350,2024,advanced,https://www.popso.it/un-nuovo-inizio,none,,intermediate,https://www.popso.it/un-nuovo-inizio,none,,basic,https://www.popso.it/un-nuovo-inizio,false
Banca Popolare Pugliese,Italy,IT,Matino,,40.0325103,18.1338533,,https://www.bfrfrancese.it,,,,,,,,,none,,none,,none,,none,,none,,false
Banca Prealpi SanBiagio,Italy,IT,Tarzo,,45.9735216,12.2316099,Cassa Centrale Banca,,,,,,,,,,none,,none,,none,,none,,none,,false
Banca Valsabbina,Italy,IT,Vestone,,45.7106124,10.4042112,,https://www.bfrfrancese.it,,,,,,,,,none,,none,,none,,none,,none,,false
Banco di Sardegna,Italy,IT,Sassari,,40.7234746,8.5612674,BPER Banca,https://www.bancosardegna.it,,,,,,,,,none,,none,,none,,none,,none,,false
BCC di Roma,Italy,IT,Rome,,41.8933203,12.4829321,BCC Iccrea Group,https://www.bfrfrancese.it,,,,,,,,,none,,none,,none,,none,,none,,false
BCC Iccrea Group,Italy,IT,Rome,"Via Lucrezia Romana 41-47, 00178 Rome",41.9028,12.4964,Iccrea Banca,https://www.gruppobcciccrea.it,2019,185000,5200,135000,120000,22500,2500,2024,intermediate,https://www.gruppobcciccrea.it/Pagine/Default.aspx,basic,https://www.gruppobcciccrea.it/Pagine/Default.aspx,intermediate,https://www.gruppobcciccrea.it/Pagine/Default.aspx,none,,intermediate,https://www.gruppobcciccrea.it/Pagine/Default.aspx,false
BCC Milano,Italy,IT,Milan,,45.4641943,9.1896346,BCC Iccrea Group,,,,,,,,,,none,,none,,none,,none,,none,,false
BCC Pordenonese e Monsile,Italy,IT,Azzano Decimo,,45.8774201,12.7065784,BCC Iccrea Group,,,,,,,,,,none,,none,,none,,none,,none,,false
BCC Veneta,Italy,IT,Padova,,45.391408,11.8058487,BCC Iccrea Group,,,,,,,,,,none,,none,,none,,none,,none,,false
Cassa Centrale Banca Group,Italy,IT,Trento,"Via Segantini 5, 38122 Trento",46.0664,11.1258,Cassa Centrale Banca,https://www.cassacentrale.it,1974,110000,1600,78000,70000,12000,1500,2024,intermediate,https://www.cassacentrale.it/en/products-and-services/our-offer/digital-banking-solutions,basic,https://www.cassacentrale.it/en/products-and-services/our-offer/digital-banking-solutions,intermediate,https://www.cassacentrale.it/en/products-and-services/our-offer/digital-banking-solutions,none,,intermediate,https://www.cassacentrale.it/it/lavora-con-noi,false
Cassa di Risparmio di Cento,Italy,IT,Cento,,44.7274395,11.2903029,,https://www.cfrcentro.it,,,,,,,,,none,,none,,none,,none,,none,,false
Cassa di Risparmio di Fermo,Italy,IT,Fermo,,43.0922489,13.6387681,,https://www.carifermo.it,,,,,,,,,none,,none,,none,,none,,none,,false
Cassa di Risparmio di Fossano,Italy,IT,Fossano,,44.5493489,7.7250155,,,,,,,,,,,none,,none,,none,,none,,none,,false
Cassa di Risparmio di Orvieto,Italy,IT,Orvieto,,42.7186152,12.1087907,,https://www.crorvieto.it,,,,,,,,,none,,none,,none,,none,,none,,false
Cassa di Risparmio di Volterra,Italy,IT,Volterra,,43.400337,10.860019,,https://www.cfrv.it,,,,,,,,,none,,none,,none,,none,,none,,false
Cassa Padana BCC,Italy,IT,Leno,,45.3670119,10.2184518,Cassa Centrale Banca,,,,,,,,,,none,,none,,none,,none,,none,,false
Credito Cooperativo Ravennate Forlivese e Imolese,Italy,IT,Faenza,,44.2855555,11.8832055,BCC Iccrea Group,,,,,,,,,,none,,none,,none,,none,,none,,false
Credito Emiliano (CREDEM),Italy,IT,Reggio Emilia,,44.6086674,10.5940667,,https://www.credem.it,,,,,,,,,none,,none,,none,,none,,none,,false
Emil Banca Credito Cooperativo,Italy,IT,Bologna,,44.4938203,11.3426327,BCC Iccrea Group,https://www.emilbanca.it,,,,,,,,,none,,none,,none,,none,,none,,false
La Cassa di Ravenna,Italy,IT,Ravenna,,44.3640607,12.0590095,,https://www.lacassa.com,,,,,,,,,none,,none,,none,,none,,none,,false
Raiffeisen Landesbank Sudtirol,Italy,IT,Bolzano,,46.6559455,11.2302129,Raiffeisen Sudtirol,https://www.raiffeisen.it,,,,,,,,,none,,none,,none,,none,,none,,false
Raiffeisenkasse Bruneck,Italy,IT,Brunico,,46.7963194,11.9355121,Raiffeisen Sudtirol,,,,,,,,,,none,,none,,none,,none,,none,,false
Raiffeisenkasse Eisacktal,Italy,IT,Bressanone,,46.716413,11.657792,Raiffeisen Sudtirol,,,,,,,,,,none,,none,,none,,none,,none,,false
Raiffeisenkasse Meran,Italy,IT,Merano,,46.6713536,11.1646348,Raiffeisen Sudtirol,,,,,,,,,,none,,none,,none,,none,,none,,false
Sparkasse - Cassa di Risparmio di Bolzano,Italy,IT,Bolzano,,46.6559455,11.2302129,,https://www.sparkasse.it,,,,,,,,,none,,none,,none,,none,,none,,false
Banque et Caisse d'Epargne de l'Etat (Spuerkeess),Luxembourg,LU,Luxembourg,"1 Place de Metz, L-1930 Luxembourg",49.6116,6.1319,,https://www.spuerkeess.lu,1856,56000,500,43000,33000,1900,55,2024,advanced,https://www.spuerkeess.lu/en/mobile/,basic,https://www.spuerkeess.lu/en/blog/experts-corner/open-banking-revolut-and-n26-enter-s-net/,advanced,https://www.spuerkeess.lu/en/private-customers/tools/application-to-set-up-a-business-relationship/,none,,basic,https://www.spuerkeess.lu/en/about-us/,true
Banque Raiffeisen,Luxembourg,LU,Leudelange,"4 Rue Leon Laval, L-3372 Leudelange",49.5686,6.0653,Raiffeisen Luxembourg,https://www.raiffeisen.lu,1925,13000,250,10000,8000,900,40,2024,advanced,https://www.raiffeisen.lu/en/private/daily-banking/online-services/online-banking-r-net,basic,https://www.raiffeisen.lu/en/psd2,intermediate,https://www.raiffeisen.lu/en/open-account,none,,basic,https://www.raiffeisen.lu/en/banque/career,false
Bank of Valletta,Malta,MT,Valletta,"58 Zachary Street, Valletta VLT 1130",35.8989,14.5146,,https://www.bov.com,1974,15000,400,11000,9000,1500,44,2024,advanced,https://www.bov.com/mobile-banking-0,basic,https://openbanking.bov.com/docs/berlingroup/bov_mt/ais,intermediate,https://join.bov.com/,basic,https://www.bov.com/help-support,intermediate,https://www.bov.com/careers,false
de Volksbank,Netherlands,NL,Utrecht,"Croeselaan 1, 3521 BJ Utrecht",52.0907,5.1214,,https://www.devolksbank.nl,2017,74000,3000,55000,45000,3200,650,2024,advanced,https://www.asnbank.nl/asn-app-en-asn-online-bankieren.html,basic,https://openbanking.devolksbank.nl/,intermediate,https://www.regiobank.nl/particulier/bankrekening/openen.html,none,,intermediate,https://www.devolksbank.nl/werken-bij.html,false
de Volksbank (SNS),Netherlands,NL,Utrecht,"Croeselaan 1, 3521 BJ Utrecht",52.0907,5.1214,de Volksbank,https://www.snsbank.nl,1817,74000,3000,55000,45000,3200,650,2024,advanced,https://www.snsbank.nl/particulier/betalen/sns-app.html,basic,https://openbanking.devolksbank.nl/,intermediate,https://www.snsbank.nl/particulier/betalen/betaalrekening-openen.html,none,,intermediate,https://www.devolksbank.nl/werken-bij.html,false
Rabobank,Netherlands,NL,Utrecht,"Croeselaan 18, 3521 CB Utrecht",52.0907,5.1214,Cooperative Rabobank,https://www.rabobank.com,1898,749000,10000,470000,430000,49000,430,2024,advanced,https://www.rabobank.nl/particulieren/online-bankieren,intermediate,https://developer.rabobank.nl,intermediate,https://www.rabobank.nl/particulieren/klant-worden/online-betaalrekening-openen,basic,https://www.rabobank.nl/particulieren/contact/chatbot,intermediate,https://www.rabobank.nl/en/about-us/vacatures,true
Triodos Bank,Netherlands,NL,Driebergen-Rijsenburg,"Hoofdstraat 10, 3972 LA Driebergen-Rijsenburg",52.0517,5.28,Triodos Group,https://www.triodos.com,1980,17000,750,13000,10000,1700,40,2024,advanced,https://www.triodos.nl/mobiel-bankieren,basic,https://www.triodos.com/en/open-banking,intermediate,https://www.triodos.nl/betalen,none,,intermediate,https://www.triodos.com/en/careers,false
Aurskog Sparebank,Norway,NO,Aurskog,,59.9270067,11.4681016,Eika Gruppen,https://www.aurskog-sparebank.no,,,,,,,,,none,,none,,none,,none,,none,,false
Bank Norwegian (Nordax Group),Norway,NO,Fornebu,"Snaroyveien 36, 1364 Fornebu",59.899,10.627,Nordax Bank,https://www.banknorwegian.no,2007,42000,1700,30000,27000,650,0,2024,advanced,https://www.banknorwegian.no/,none,,advanced,https://www.banknorwegian.no/kundeservice/,none,,intermediate,https://careers.noba.bank/,false
Bien Sparebank,Norway,NO,Drammen,,59.6964936,10.175642,Eika Gruppen,https://www.bien.no,,,,,,,,,none,,none,,none,,none,,none,,false
Cultura Sparebank,Norway,NO,Oslo,,59.9133301,10.7389701,Eika Gruppen,https://www.markup.no,,,,,,,,,none,,none,,none,,none,,none,,false
Drangedal Sparebank,Norway,NO,Drangedal,,59.0908937,8.9687835,Eika Gruppen,https://www.drangedalsparebank.no,,,,,,,,,none,,none,,none,,none,,none,,false
Eidsberg Sparebank,Norway,NO,Mysen,,59.5537833,11.3240316,Eika Gruppen,https://www.eidsbergsparebank.no,,,,,,,,,none,,none,,none,,none,,none,,false
Etne Sparebank,Norway,NO,Etne,,59.7985899,6.294995,Eika Gruppen,https://www.etnesparebank.no,,,,,,,,,none,,none,,none,,none,,none,,false
Fana Sparebank,Norway,NO,Bergen,,60.3943055,5.3259192,,https://www.fana-sparebank.no,,,,,,,,,none,,none,,none,,none,,none,,false
Flekkefjord Sparebank,Norway,NO,Flekkefjord,,58.2949357,6.6129626,Eika Gruppen,https://www.flekkefjordsparebank.no,,,,,,,,,none,,none,,none,,none,,none,,false
Grue Sparebank,Norway,NO,Kirkenær,,60.4563259,12.0607394,Eika Gruppen,https://www.gruesparebank.no,,,,,,,,,none,,none,,none,,none,,none,,false
Haltdalen Sparebank,Norway,NO,Haltdalen,,62.926567,11.1409006,Eika Gruppen,https://www.haltdalensparebank.no,,,,,,,,,none,,none,,none,,none,,none,,false
Haugesund Sparebank,Norway,NO,Haugesund,,59.4682479,5.0827612,,https://www.haugesund-sparebank.no,,,,,,,,,none,,none,,none,,none,,none,,false
Helgeland Sparebank,Norway,NO,Mosjoen,,65.8375342,13.1892098,,https://www.helgeland-sparebank.no,,,,,,,,,none,,none,,none,,none,,none,,false
Hjartdal og Gransherad Sparebank,Norway,NO,Hjartdal,,59.6930294,8.690956,Eika Gruppen,https://www.hjartdalsparebank.no,,,,,,,,,none,,none,,none,,none,,none,,false
Indre Sogn Sparebank,Norway,NO,Laerdal,,61.0386134,7.8032867,Eika Gruppen,https://www.issb.no,,,,,,,,,none,,none,,none,,none,,none,,false
Jaeren Sparebank,Norway,NO,Bryne,,58.735525,5.6478183,Eika Gruppen,https://www.jaerensparebank.no,,,,,,,,,none,,none,,none,,none,,none,,false
Kvinesdal Sparebank,Norway,NO,Kvinesdal,,58.5181307,6.953961,Eika Gruppen,https://www.kvinesdalsparebank.no,,,,,,,,,none,,none,,none,,none,,none,,false
Lillesands Sparebank,Norway,NO,Lillesand,,58.1161123,8.4403257,Eika Gruppen,https://www.lillesandssparebank.no,,,,,,,,,none,,none,,none,,none,,none,,false
Luster Sparebank,Norway,NO,Gaupne,,61.4046801,7.2945685,Eika Gruppen,https://www.lustersparebank.no,,,,,,,,,none,,none,,none,,none,,none,,false
Marker Sparebank,Norway,NO,Orje,,59.480231,11.6601637,Eika Gruppen,https://www.markersparebank.no,,,,,,,,,none,,none,,none,,none,,none,,false
Melhus Sparebank,Norway,NO,Melhus,,63.1814332,10.3081345,Eika Gruppen,https://www.melhussparebank.no,,,,,,,,,none,,none,,none,,none,,none,,false
Odal Sparebank,Norway,NO,Sand,,60.3921461,11.5402005,Eika Gruppen,https://www.odalsparebank.no,,,,,,,,,none,,none,,none,,none,,none,,false
Ofoten Sparebank,Norway,NO,Narvik,,68.4383796,17.4271978,Eika Gruppen,https://www.ofotensparebank.no,,,,,,,,,none,,none,,none,,none,,none,,false
Orkla Sparebank,Norway,NO,Orkanger,,63.304819,9.8496676,Eika Gruppen,https://www.orklasparebank.no,,,,,,,,,none,,none,,none,,none,,none,,false
Romsdals Budstikke Sparebank,Norway,NO,Molde,,62.6016257,8.1386208,Eika Gruppen,,,,,,,,,,none,,none,,none,,none,,none,,false
Sandnes Sparebank,Norway,NO,Sandnes,,58.983132,6.394641,Eika Gruppen,https://www.sandnes-sparebank.no,,,,,,,,,none,,none,,none,,none,,none,,false
Selbu Sparebank,Norway,NO,Selbu,,63.1754254,11.1596265,Eika Gruppen,https://www.selbusparebank.no,,,,,,,,,none,,none,,none,,none,,none,,false
Skagerrak Sparebank,Norway,NO,Kragero,,58.8696217,9.4142145,Eika Gruppen,https://www.skagerraksparebank.no,,,,,,,,,none,,none,,none,,none,,none,,false
Skudenes og Aakra Sparebank,Norway,NO,Skudeneshavn,,59.1497472,5.2581715,Eika Gruppen,https://www.sassparebank.no,,,,,,,,,none,,none,,none,,none,,none,,false
SpareBank 1 Alliance,Norway,NO,Oslo,"Hammersborggata 11, 0179 Oslo",59.9139,10.7522,SpareBank 1 Alliance,https://www.sparebank1.no,1996,180000,1200,120000,110000,16000,280,2024,advanced,https://www.sparebank1.no/nb/bank/privat/daglig-bruk/mobilbank.html,intermediate,https://developer.sparebank1.no,intermediate,https://www.sparebank1.no/nb/bank/privat/daglig-bruk/mobilbank.html,basic,https://www.sparebank1.no/nb/smn/om-oss/nyheter/den-digitale-assistenten-har-flyttet-inn.html,intermediate,https://sparebank1.dev/,false
SpareBank 1 BV,Norway,NO,Tonsberg,,59.3549795,10.2820491,SpareBank 1 Alliance,https://www.sparebank1.no/bv,,,,,,,,,none,,none,,none,,none,,none,,false
SpareBank 1 Gudbrandsdal,Norway,NO,Lillehammer,,61.1333408,10.4265855,SpareBank 1 Alliance,https://www.sparebank1.no/gudbrandsdal,,,,,,,,,none,,none,,none,,none,,none,,false
SpareBank 1 Hallingdal Valdres,Norway,NO,Gol,,60.7513391,9.0123018,SpareBank 1 Alliance,https://www.sparebank1.no/hallingdal-valdres,,,,,,,,,none,,none,,none,,none,,none,,false
SpareBank 1 Helgeland,Norway,NO,Mo i Rana,,66.3110969,14.1386991,SpareBank 1 Alliance,https://www.sparebank1.no/helgeland,,,,,,,,,none,,none,,none,,none,,none,,false
SpareBank 1 Lom og Skjak,Norway,NO,Lom,,61.7142578,8.4258977,SpareBank 1 Alliance,https://www.sparebank1.no/lom-og-skjaak,,,,,,,,,none,,none,,none,,none,,none,,false
SpareBank 1 Modum,Norway,NO,Vikersund,,59.9660881,9.994865,SpareBank 1 Alliance,https://www.sparebank1.no/modum,,,,,,,,,none,,none,,none,,none,,none,,false
SpareBank 1 Nord-Norge,Norway,NO,Tromso,"Storgata 65, 9008 Tromso",69.6492,18.9553,SpareBank 1 Alliance,https://www.sparebank1.no/nb/nord-norge,1836,62000,650,45000,36000,1100,35,2024,advanced,https://www.sparebank1.no/nb/nord-norge/privat/daglig-bruk/mobil-og-nettbank.html,intermediate,https://developer.sparebank1.no,intermediate,https://www.sparebank1.no/nb/nord-norge/privat/kundeservice/bestill/bli-kunde.html,basic,https://www.sparebank1.no/nb/nord-norge/privat/kundeservice.html,intermediate,https://sparebank1.dev/,false
SpareBank 1 Nordmore,Norway,NO,Kristiansund,,63.2168194,7.545259,SpareBank 1 Alliance,https://www.sparebank1.no/nordmore,,,,,,,,,none,,none,,none,,none,,none,,false
SpareBank 1 Ringerike Hadeland,Norway,NO,Honefoss,,60.1662082,10.255486,SpareBank 1 Alliance,https://www.sparebank1.no/ringerike-hadeland,,,,,,,,,none,,none,,none,,none,,none,,false
SpareBank 1 SMN,Norway,NO,Trondheim,"Sondre gate 4, 7011 Trondheim",63.4305,10.3951,SpareBank 1 Alliance,https://www.sparebank1.no/nb/smn,1823,78000,850,56000,47000,1400,46,2024,advanced,https://www.sparebank1.no/nb/smn/privat/daglig-bruk/mobil-og-nettbank.html,intermediate,https://developer.sparebank1.no,intermediate,https://www.sparebank1.no/nb/smn/privat/kundeservice/bestill/bli-kunde.html,basic,https://www.sparebank1.no/nb/smn/privat/kundeservice/kontakt.html,intermediate,https://sparebank1.dev/,false
SpareBank 1 Sorost-Norge,Norway,NO,Arendal,,58.4267301,8.9469491,SpareBank 1 Alliance,https://www.sparebank1.no/sorost-norge,,,,,,,,,none,,none,,none,,none,,none,,false
SpareBank 1 SR-Bank,Norway,NO,Stavanger,"Christen Tranes gate 35, 4007 Stavanger",58.969,5.7331,SpareBank 1 Alliance,https://www.sr-bank.no,1839,85000,1200,60000,50000,1700,50,2024,advanced,https://www.sparebank1.no/nb/sor-norge/privat/daglig-bruk/mobil-og-nettbank.html,intermediate,https://developer.sparebank1.no,intermediate,https://www.sparebank1.no/nb/sor-norge/privat/kundeservice/bestill/bli-kunde.html,basic,https://www.sparebank1.no/nb/sor-norge/privat/kundeservice.html,intermediate,https://sparebank1.dev/,false
SpareBank 1 Telemark,Norway,NO,Skien,,59.2662883,9.5311354,SpareBank 1 Alliance,https://www.sparebank1.no/telemark,,,,,,,,,none,,none,,none,,none,,none,,false
Sparebanken Din,Norway,NO,Notodden,,59.6871024,9.1508082,Eika Gruppen,https://www.sparebankendin.no,,,,,,,,,none,,none,,none,,none,,none,,false
Sparebanken More,Norway,NO,Aalesund,,62.465599,6.250846,,https://www.sbmore.no,,,,,,,,,none,,none,,none,,none,,none,,false
Sparebanken Narvik,Norway,NO,Narvik,,68.4383796,17.4271978,Eika Gruppen,https://www.sbnarvik.no,,,,,,,,,none,,none,,none,,none,,none,,false
Sparebanken Sogn og Fjordane,Norway,NO,Forde,,61.4521759,5.8571725,,https://www.ssf.no,,,,,,,,,none,,none,,none,,none,,none,,false
Sparebanken Sor,Norway,NO,Kristiansand,"Radhusgata 14, 4611 Kristiansand",58.1467,7.9956,,https://www.sor.no,1824,42000,420,30000,24000,900,28,2024,advanced,https://www.sor.no/kort-og-betaling/mobil-og-nettbank/,basic,https://www.sor.no/felles/info/open-banking/,intermediate,https://www.sor.no/privat/bli-kunde,none,,basic,https://www.sor.no/felles/karriere/,false
Sparebanken Vest,Norway,NO,Bergen,"Jonsvollsgaten 2, 5011 Bergen",60.3913,5.3221,,https://www.spv.no,1823,51000,500,36000,30000,1050,31,2024,advanced,https://www.spv.no/dagligbank/nett-og-mobilbank,basic,https://www.spv.no/kundeservice/psd2,intermediate,https://www.spv.no/bli-kunde,none,,basic,https://www.spv.no/om-oss/jobb,false
Stadsbygd Sparebank,Norway,NO,Stadsbygd,,63.5106988,10.0168051,Eika Gruppen,https://www.stadsbygdsparebank.no,,,,,,,,,none,,none,,none,,none,,none,,false
Sunndal Sparebank,Norway,NO,Sunndalsora,,62.6565786,8.6853825,Eika Gruppen,https://www.sunndal-sparebank.no,,,,,,,,,none,,none,,none,,none,,none,,false
Tolga-Os Sparebank,Norway,NO,Tolga,,62.3718777,11.0704637,Eika Gruppen,https://www.tolga-os.no,,,,,,,,,none,,none,,none,,none,,none,,false
Totens Sparebank,Norway,NO,Lena,,60.6739717,10.8134458,Eika Gruppen,https://www.totenssparebank.no,,,,,,,,,none,,none,,none,,none,,none,,false
Trøgstad Sparebank,Norway,NO,Mysen,,59.5537833,11.3240316,Eika Gruppen,https://www.trogstadsparebank.no,,,,,,,,,none,,none,,none,,none,,none,,false
Tysnes Sparebank,Norway,NO,Tysnes,,59.9840352,5.5580336,Eika Gruppen,https://www.tysnes-sparebank.no,,,,,,,,,none,,none,,none,,none,,none,,false
Valle Sparebank,Norway,NO,Valle,,59.1690716,7.4247694,Eika Gruppen,https://www.vallesparebank.no,,,,,,,,,none,,none,,none,,none,,none,,false
Voss Sparebank,Norway,NO,Voss,,60.6837067,6.4079051,Eika Gruppen,https://www.vfrb.no,,,,,,,,,none,,none,,none,,none,,none,,false
Banco Montepio,Portugal,PT,Lisbon,"Rua Aurea 219-241, 1100-062 Lisbon",38.7223,-9.1393,Associacao Mutualista Montepio,https://www.bancomontepio.pt,1844,30000,1600,22000,18000,3800,300,2024,advanced,https://www.bancomontepio.pt/en/individuals/everyday-banking/digital-banking,basic,https://www.bancomontepio.pt/en/open-banking-apis,intermediate,https://www.bancomontepio.pt/en/individuals/everyday-banking/open-account-online,none,,basic,https://www.bancomontepio.pt/institucional/,false
Caixa Geral de Depositos,Portugal,PT,Lisbon,"Av. Joao XXI 63, 1000-300 Lisbon",38.7223,-9.1393,,https://www.cgd.pt,1876,120000,3300,89000,54000,6200,520,2024,advanced,https://www.cgd.pt/Particulares/Contas/Caixadirecta/Pages/refresh-app-caixadirecta.aspx,basic,https://www.cgd.pt/Institucional/Noticias/Pages/Open-Banking-SIBS-API-Market.aspx,intermediate,https://www.cgd.pt/Particulares/Contas/Contas-a-Ordem/Pages/Conta-Caixa-S.aspx,basic,https://www.cgd.pt/Particulares/Apoio-Cliente/Pages/default.aspx,basic,https://www.cgd.pt/Institucional/Pages/default.aspx,false
Banca Transilvania,Romania,RO,Cluj-Napoca,"Calea Dorobantilor 30-36, 400117 Cluj-Napoca",46.7712,23.6236,BT Group,https://www.bancatransilvania.ro,1993,38000,4300,28000,22000,10000,500,2024,advanced,https://en.bancatransilvania.ro/wallet-bt-pay/,basic,https://en.bancatransilvania.ro/developer-support,intermediate,https://en.bancatransilvania.ro/accounts-and-operations/conturi,intermediate,https://www.bancatransilvania.ro/en/contact,intermediate,https://www.bancatransilvania.ro/en/about-us/careers,false
BCR (Banca Comerciala Romana),Romania,RO,Bucharest,,44.4361414,26.102684,Erste Group,https://www.bcr.ro,,,,,,,,,none,,none,,none,,none,,none,,false
BRD - Groupe Societe Generale,Romania,RO,Bucharest,,44.4361414,26.102684,Societe Generale,https://www.brd.ro,,,,,,,,,none,,none,,none,,none,,none,,false
CEC Bank,Romania,RO,Bucharest,"Calea Victoriei 13, Bucharest",44.4268,26.1025,Romanian State,https://www.cec.ro,1864,17000,2900,12000,9000,6400,1000,2024,intermediate,https://www.cec.ro/mobile-banking,basic,https://www.cec.ro/open-banking,basic,https://www.cec.ro/persoane-fizice/conturi-si-pachete,none,,basic,https://www.cec.ro/despre-cec-bank/cariere,false
Raiffeisen Bank Romania,Romania,RO,Bucharest,,44.4361414,26.102684,Raiffeisen Bank International,https://www.raiffeisen.ro,,,,,,,,,none,,none,,none,,none,,none,,false
Prima banka Slovensko,Slovakia,SK,Bratislava,,48.1559178,17.1313541,,https://www.primabanka.sk,,,,,,,,,none,,none,,none,,none,,none,,false
Slovenska sporitelna,Slovakia,SK,Bratislava,"Tomasikova 48, 832 37 Bratislava",48.1486,17.1077,Erste Group,https://www.slsp.sk,1825,25000,2200,18000,16000,3700,190,2024,advanced,https://www.slsp.sk/sk/george,intermediate,https://www.slsp.sk/en/business/online-banking/psd2-api-banking,basic,https://www.slsp.sk/en/personal/faq/how-to-open-an-account,basic,https://www.slsp.sk/sk/ludia/vesna,intermediate,https://www.erstedigital.com/en,false
Delavska hranilnica,Slovenia,SI,Ljubljana,,46.0500268,14.5069289,,https://www.defrfrancesea.si,,,,,,,,,none,,none,,none,,none,,none,,false
Nova Ljubljanska Banka (NLB),Slovenia,SI,Ljubljana,"Trg republike 2, 1000 Ljubljana",46.0569,14.5058,,https://www.nlb.si,1889,25000,1900,17000,13000,6000,230,2024,advanced,https://www.nlb.si/en/osebno/digitalne-storitve/nlb-klik,basic,https://www.nlb.si/open-banking,intermediate,https://www.nlb.si/en/osebno/accounts-and-packages,basic,https://www.nlb.si/contact,intermediate,https://www.nlb.si/careers,false
ABANCA,Spain,ES,A Coruna,"Cantón Claudino Pita 2, 15300 Betanzos",43.3623,-8.4115,ABANCA Corporacion Bancaria,https://www.abanca.com,2011,128000,2200,92000,78000,6800,650,2024,advanced,https://www.abanca.com/en/banca-a-distancia/banca-movil/,basic,https://www.abanca.com/es/legal/servicios-pago/,intermediate,https://www.abanca.com/en/cuentas/cuenta-online/,basic,https://www.abanca.com/es/ayuda/,intermediate,https://empleo.abanca.com/,false
Caixa Ontinyent,Spain,ES,Ontinyent,,38.8208523,-0.6099929,CECA,https://www.caixaontinyent.es,,,,,,,,,none,,none,,none,,none,,none,,false
Caixa Pollença (Colonya),Spain,ES,Pollença,,39.8792073,3.0157098,CECA,https://www.colonya.es,,,,,,,,,none,,none,,none,,none,,none,,false
CaixaBank,Spain,ES,Valencia,"Calle Pintor Sorolla 2-4, 46002 Valencia",39.4699,-0.3763,,https://www.caixabank.es,1904,630000,20300,462000,366000,46200,4300,2024,advanced,https://www.caixabank.es/particular/tarjetas/google-pay_en.html,advanced,https://apistore.caixabank.com/home_en.html,advanced,https://www.caixabank.es/particular/cuentas/cuenta-sin-comisiones.html,intermediate,https://www.caixabank.com/comunicacion/noticia/caixabank-crea-un-asistente-virtual-basado-en-inteligencia-artificial-para-dar-apoyo-a-todos-los-empleados-de-su-red_es.html?id=40809,advanced,https://www.caixabanktech.com/en/join-us/,true
Caja Rural de Navarra,Spain,ES,Pamplona,"Plaza de los Fueros 1, 31005 Pamplona",42.8125,-1.6458,Grupo Caja Rural,https://www.cajaruraldenavarra.com,1904,18000,500,13000,11000,1100,140,2024,advanced,https://www.cajaruraldenavarra.com/en/node/4431,basic,https://www.cajaruraldenavarra.com/es/informacion-psd2,intermediate,https://www.cajaruraldenavarra.com/es/particulares/cuentas,none,,basic,https://www.cajaruraldenavarra.com/es/recomienda-talento,false
Cajamar Caja Rural,Spain,ES,Almeria,"Plaza de Barcelona 5, 04006 Almeria",36.834,-2.4637,Grupo Cooperativo Cajamar,https://www.cajamar.es,1966,64000,3900,47000,39000,5600,900,2024,advanced,https://www.cajamar.es/en/particulares/productos-y-servicios/banca-a-distancia/banca-movil/,basic,https://www.cajamar.es/en/comun/psd2/,intermediate,https://www.cajamar.es/en/particulares/productos-y-servicios/cuentas/pack-wefferent/,none,,basic,https://www.cajamar.es/es/comun/informacion-corporativa/empleo/,false
Cecabank,Spain,ES,Madrid,,40.416782,-3.703507,CECA,https://www.cecabank.es,,,,,,,,,none,,none,,none,,none,,none,,false
Ibercaja Banco,Spain,ES,Zaragoza,"Plaza Basilio Paraiso 2, 50008 Zaragoza",41.6488,-0.8891,Ibercaja Group,https://www.ibercaja.es,2011,105000,3600,76000,58000,5400,900,2024,advanced,https://www.ibercaja.es/particulares/banca-digital/servicios/app-ibercaja/,basic,https://www.ibercaja.es/particulares/corner-del-especialista/informacion-psd2/,intermediate,https://www.ibercaja.es/particulares/cuentas-tarjetas/cuentas-ahorro/cuenta-com/,basic,https://www.ibercaja.es/particulares/atencion-cliente/,basic,https://empleo.ibercaja.es/ofertas-de-empleo/,false
Kutxabank,Spain,ES,Bilbao,"Gran Via 30-32, 48009 Bilbao",43.263,-2.935,Kutxabank Group,https://www.kutxabank.es,2012,86000,2500,62000,50000,5800,850,2024,advanced,https://portal.kutxabank.es/cs/Satellite/kb/es/particulares/productos/banca-omnicanal/banca-movil-/pys,basic,https://portal.kutxabank.es/cs/Satellite/kb/es/particulares/sobre-kutxabank/psd2/generico,intermediate,https://portal.kutxabank.es/cs/Satellite/kb/es/particulares/cuentas-y-planes-0/cuenta-corriente/pys,basic,https://portal.kutxabank.es/cs/Satellite/kb/es/particulares/servicio-atencion-al-cliente-/generico,intermediate,https://portal.kutxabank.es/cs/Satellite/kb/es/particulares/sobre-kutxa/quienes-somos-3,false
Laboral Kutxa,Spain,ES,Mondragon,"Paseo Jose Maria Arizmendiarrieta, 20500 Mondragon",43.0644,-2.4914,,https://www.laboralkutxa.com,1959,28000,1200,21000,17000,2400,280,2024,advanced,https://www.laboralkutxa.com/es/personas/servicios/banca-online/,basic,https://www.laboralkutxa.com/es/informacion-legal/informacion-apis/,intermediate,https://www.laboralkutxa.com/es/particulares/ahorro/cuentas-y-depositos,none,,basic,https://www.laboralkutxa.com/es/personas/trabaja-con-nosotros/,false
Unicaja Banco,Spain,ES,Malaga,"Avenida de Andalucia 10-12, 29007 Malaga",36.7213,-4.4214,Fundacion Unicaja,https://www.unicajabanco.es,1884,98000,4700,70000,55000,7600,960,2024,advanced,https://www.unicajabanco.es/en/banca-digital,basic,https://www.unicajabanco.es/es/faqs/banca-digital/psd2,intermediate,https://www.unicajabanco.es/en/cuenta-online,basic,https://www.unicajabanco.es/en/atencion-al-cliente,basic,https://joven.unicajabanco.es/,false
Ålems Sparbank,Sweden,SE,,,60.1282,18.6435,Sparbankernas Riksförbund,https://www.alemssparbank.se,,,,,,,,,none,,none,,none,,none,,none,,false
Åse Viste Sparbank,Sweden,SE,,,60.1282,18.6435,Sparbankernas Riksförbund,https://www.aseochvisteharadssparbank.se,,,,,,,,,none,,none,,none,,none,,none,,false
Bjursås Sparbank,Sweden,SE,,,60.1282,18.6435,Sparbankernas Riksförbund,https://www.bjursassparbank.se,,,,,,,,,none,,none,,none,,none,,none,,false
Dalslands Sparbank,Sweden,SE,,,60.1282,18.6435,Sparbankernas Riksförbund,https://www.dalsbank.se,,,,,,,,,none,,none,,none,,none,,none,,false
Ekeby Sparbank,Sweden,SE,,,60.1282,18.6435,Sparbankernas Riksförbund,https://www.ekebysparbank.se,,,,,,,,,none,,none,,none,,none,,none,,false
Falkenbergs Sparbank,Sweden,SE,,,60.1282,18.6435,Sparbankernas Riksförbund,https://www.falkenbergssparbank.se,,,,,,,,,none,,none,,none,,none,,none,,false
Fryksdalens Sparbank,Sweden,SE,,,60.1282,18.6435,Sparbankernas Riksförbund,https://www.fryksdalenssparbank.se,,,,,,,,,none,,none,,none,,none,,none,,false
Hälsinglands Sparbank,Sweden,SE,,,60.1282,18.6435,Sparbankernas Riksförbund,https://www.halsinglandssparbank.se,,,,,,,,,none,,none,,none,,none,,none,,false
Häradssparbanken Mönsterås,Sweden,SE,,,60.1282,18.6435,Sparbankernas Riksförbund,https://www.haradssparbanken.se,,,,,,,,,none,,none,,none,,none,,none,,false
Högsby Sparbank,Sweden,SE,,,60.1282,18.6435,Sparbankernas Riksförbund,https://www.hogsbysparbank.se,,,,,,,,,none,,none,,none,,none,,none,,false
Ivetofta Sparbank i Bromölla,Sweden,SE,,,60.1282,18.6435,Sparbankernas Riksförbund,https://www.ivetoftasparbank.se,,,,,,,,,none,,none,,none,,none,,none,,false
Kinda Ydre Sparbank,Sweden,SE,,,60.1282,18.6435,Sparbankernas Riksförbund,https://www.kindaydresparbank.se,,,,,,,,,none,,none,,none,,none,,none,,false
Laholms Sparbank,Sweden,SE,,,60.1282,18.6435,Sparbankernas Riksförbund,https://www.laholmssparbank.se,,,,,,,,,none,,none,,none,,none,,none,,false
Lansforsakringar Bank,Sweden,SE,Stockholm,"Tegeluddsvagen 11-13, 115 41 Stockholm",59.3293,18.0686,Lansforsakringar AB,https://www.lansforsakringar.se,1997,90000,4000,65000,52000,2200,130,2024,advanced,https://www.lansforsakringar.se/stockholm/privat/bank/appen/,basic,https://www.lansforsakringar.se/stockholm/om-oss/psd2/,intermediate,https://www.lansforsakringar.se/stockholm/privat/bank/bli-bankkund/,none,,basic,https://www.lansforsakringar.se/stockholm/om-oss/jobba-hos-oss/,false
Lekebergs Sparbank,Sweden,SE,,,60.1282,18.6435,Sparbankernas Riksförbund,https://www.lekebergssparbank.se,,,,,,,,,none,,none,,none,,none,,none,,false
Leksands Sparbank,Sweden,SE,,,60.1282,18.6435,Sparbankernas Riksförbund,https://www.leksandssparbank.se,,,,,,,,,none,,none,,none,,none,,none,,false
Lönneberga-Tuna-Vena Sparbank,Sweden,SE,,,60.1282,18.6435,Sparbankernas Riksförbund,https://www.ltvsparbank.se,,,,,,,,,none,,none,,none,,none,,none,,false
Markaryds Sparbank,Sweden,SE,,,60.1282,18.6435,Sparbankernas Riksförbund,https://www.markarydssparbank.se,,,,,,,,,none,,none,,none,,none,,none,,false
Mjöbäcks Sparbank,Sweden,SE,,,60.1282,18.6435,Sparbankernas Riksförbund,https://www.mjobackssparbank.se,,,,,,,,,none,,none,,none,,none,,none,,false
Norrbärke Sparbank,Sweden,SE,,,60.1282,18.6435,Sparbankernas Riksförbund,https://www.norrbarke-sparbank.se,,,,,,,,,none,,none,,none,,none,,none,,false
Ölands Bank,Sweden,SE,,,60.1282,18.6435,Sparbankernas Riksförbund,https://www.olandsbank.se,,,,,,,,,none,,none,,none,,none,,none,,false
Orusts Sparbank,Sweden,SE,,,60.1282,18.6435,Sparbankernas Riksförbund,https://www.orustsparbank.se,,,,,,,,,none,,none,,none,,none,,none,,false
Roslagens Sparbank,Sweden,SE,,,60.1282,18.6435,Sparbankernas Riksförbund,https://www.roslagenssparbank.se,,,,,,,,,none,,none,,none,,none,,none,,false
Sala Sparbank,Sweden,SE,,,60.1282,18.6435,Sparbankernas Riksförbund,https://www.salasparbank.se,,,,,,,,,none,,none,,none,,none,,none,,false
Sidensjö Sparbank,Sweden,SE,,,60.1282,18.6435,Sparbankernas Riksförbund,https://www.sidensjosparbank.se,,,,,,,,,none,,none,,none,,none,,none,,false
Skurups Sparbank,Sweden,SE,,,60.1282,18.6435,Sparbankernas Riksförbund,https://www.skurupssparbank.se,,,,,,,,,none,,none,,none,,none,,none,,false
Snapphanebygdens Sparbank,Sweden,SE,,,60.1282,18.6435,Sparbankernas Riksförbund,https://www.snapphanebygdenssparbank.se,,,,,,,,,none,,none,,none,,none,,none,,false
Södra Hestra Sparbank,Sweden,SE,,,60.1282,18.6435,Sparbankernas Riksförbund,https://www.sodrahestrasparbank.se,,,,,,,,,none,,none,,none,,none,,none,,false
Sölvesborg-Mjällby Sparbank,Sweden,SE,,,60.1282,18.6435,Sparbankernas Riksförbund,https://www.smsparbank.se,,,,,,,,,none,,none,,none,,none,,none,,false
Sörmlands Sparbank,Sweden,SE,,,60.1282,18.6435,Sparbankernas Riksförbund,https://www.sormlandssparbank.se,,,,,,,,,none,,none,,none,,none,,none,,false
Sparbanken Alingsås,Sweden,SE,,,60.1282,18.6435,Sparbankernas Riksförbund,https://www.sparbankenalingsas.se,,,,,,,,,none,,none,,none,,none,,none,,false
Sparbanken Bergslagen,Sweden,SE,,,60.1282,18.6435,Sparbankernas Riksförbund,https://www.sparbankenbergslagen.se,,,,,,,,,none,,none,,none,,none,,none,,false
Sparbanken Boken,Sweden,SE,,,60.1282,18.6435,Sparbankernas Riksförbund,https://www.sparbankenboken.se,,,,,,,,,none,,none,,none,,none,,none,,false
Sparbanken Eken,Sweden,SE,,,60.1282,18.6435,Sparbankernas Riksförbund,https://www.sparbankeneken.se,,,,,,,,,none,,none,,none,,none,,none,,false
Sparbanken Göinge,Sweden,SE,,,60.1282,18.6435,Sparbankernas Riksförbund,https://www.sparbankengoinge.se,,,,,,,,,none,,none,,none,,none,,none,,false
Sparbanken Gotland,Sweden,SE,,,60.1282,18.6435,Sparbankernas Riksförbund,https://www.sparbankengotland.se,,,,,,,,,none,,none,,none,,none,,none,,false
Sparbanken i Enköping,Sweden,SE,,,60.1282,18.6435,Sparbankernas Riksförbund,https://www.sparbankenenkoping.se,,,,,,,,,none,,none,,none,,none,,none,,false
Sparbanken i Karlshamn,Sweden,SE,,,60.1282,18.6435,Sparbankernas Riksförbund,https://www.sparbankenikarlshamn.se,,,,,,,,,none,,none,,none,,none,,none,,false
Sparbanken Lidköping,Sweden,SE,,,60.1282,18.6435,Sparbankernas Riksförbund,https://www.sparbankenlidkoping.se,,,,,,,,,none,,none,,none,,none,,none,,false
Sparbanken Mälardalen,Sweden,SE,,,60.1282,18.6435,Sparbankernas Riksförbund,https://www.sparbankenmalardalen.se,,,,,,,,,none,,none,,none,,none,,none,,false
Sparbanken Nord,Sweden,SE,,,60.1282,18.6435,Sparbankernas Riksförbund,https://www.sparbankennord.se,,,,,,,,,none,,none,,none,,none,,none,,false
Sparbanken Sjuhärad,Sweden,SE,,,60.1282,18.6435,Sparbankernas Riksförbund,https://sparbankensjuharad.se,,,,,,,,,none,,none,,none,,none,,none,,false
Sparbanken Skåne,Sweden,SE,,,60.1282,18.6435,Sparbankernas Riksförbund,https://www.sparbankenskane.se,,,,,,,,,none,,none,,none,,none,,none,,false
Sparbanken Skaraborg,Sweden,SE,,,60.1282,18.6435,Sparbankernas Riksförbund,https://www.sparbankenskaraborg.se,,,,,,,,,none,,none,,none,,none,,none,,false
Sparbanken Spira,Sweden,SE,,,60.1282,18.6435,Sparbankernas Riksförbund,https://www.tjustbanken.se,,,,,,,,,none,,none,,none,,none,,none,,false
Sparbanken Tanum,Sweden,SE,,,60.1282,18.6435,Sparbankernas Riksförbund,https://www.sparbankentanum.se,,,,,,,,,none,,none,,none,,none,,none,,false
Sparbanken Tranemo,Sweden,SE,,,60.1282,18.6435,Sparbankernas Riksförbund,https://www.sparbankentranemo.se,,,,,,,,,none,,none,,none,,none,,none,,false
Swedbank and Savings Banks,Sweden,SE,Sundbyberg,"Landsvagen 40, 172 63 Sundbyberg",59.3613,17.9710,Sparbankerna + Swedbank,https://www.swedbank.com,1820,312000,7400,186000,172000,16000,240,2024,advanced,https://www.swedbank.se/privat/digitala-tjanster/vara-appar.html,advanced,https://developer.swedbank.com,intermediate,https://www.swedbank.se/privat/bli-kund.html,basic,https://www.swedbank.se/privat/kundservice-privat.html,intermediate,https://developer.swedbank.com,false
Tidaholms Sparbank,Sweden,SE,,,60.1282,18.6435,Sparbankernas Riksförbund,https://www.tidaholms-sparbank.se,,,,,,,,,none,,none,,none,,none,,none,,false
Tjörns Sparbank,Sweden,SE,,,60.1282,18.6435,Sparbankernas Riksförbund,https://www.tjorns-sparbank.se,,,,,,,,,none,,none,,none,,none,,none,,false
Ulricehamns Sparbank,Sweden,SE,,,60.1282,18.6435,Sparbankernas Riksförbund,https://www.ulricehamnssparbank.se,,,,,,,,,none,,none,,none,,none,,none,,false
Vadstena Sparbank,Sweden,SE,,,60.1282,18.6435,Sparbankernas Riksförbund,https://www.vadstenasparbank.se,,,,,,,,,none,,none,,none,,none,,none,,false
Valdemarsviks Sparbank,Sweden,SE,,,60.1282,18.6435,Sparbankernas Riksförbund,https://www.valdemarsvikssparbank.se,,,,,,,,,none,,none,,none,,none,,none,,false
Varbergs Sparbank,Sweden,SE,,,60.1282,18.6435,Sparbankernas Riksförbund,https://www.varbergssparbank.se,,,,,,,,,none,,none,,none,,none,,none,,false
Vimmerby Sparbank,Sweden,SE,,,60.1282,18.6435,Sparbankernas Riksförbund,https://www.vimmerbysparbank.se,,,,,,,,,none,,none,,none,,none,,none,,false
Virserums Sparbank,Sweden,SE,,,60.1282,18.6435,Sparbankernas Riksförbund,https://www.virserumssparbank.se,,,,,,,,,none,,none,,none,,none,,none,,false
Westra Wermlands Sparbank,Sweden,SE,,,60.1282,18.6435,Sparbankernas Riksförbund,https://www.wwsparbank.se,,,,,,,,,none,,none,,none,,none,,none,,false
Raiffeisen Switzerland,Switzerland,CH,St. Gallen,"Raiffeisenplatz 4, 9001 St. Gallen",47.4245,9.3767,Raiffeisen Group,https://www.raiffeisen.ch,1899,297860,2000,240000,220000,12000,780,2024,advanced,https://ebanking.raiffeisen.ch/,basic,https://www.raiffeisen.ch/rch/en/about-raiffeisen/downloads/legal-notices.html,intermediate,https://www.raiffeisen.ch/rch/en/private-customers/accounts-and-packages.html,none,,basic,https://jobs.raiffeisen.ch/,false
Coventry Building Society,United Kingdom,GB,Coventry,"Economic House, High Street, Coventry",52.4068,-1.5197,,https://www.coventrybuildingsociety.co.uk,1884,71370,2000,50000,43000,3000,70,2024,advanced,https://www.coventrybuildingsociety.co.uk/member/help/managing-your-money/app/features.html,basic,https://www.coventrybuildingsociety.co.uk/member/help/savings/open-banking.html,intermediate,https://www.coventrybuildingsociety.co.uk/member/help/savings/opening-an-account.html,none,,basic,https://www.coventrycareers.co.uk/,false
Leeds Building Society,United Kingdom,GB,Leeds,"105 Albion Street, Leeds LS1 5AS",53.8008,-1.5491,,https://www.leedsbuildingsociety.co.uk,1875,30000,1000,24000,18000,1800,50,2024,advanced,https://www.leedsbuildingsociety.co.uk/online-services/registering-for-online-services/,basic,https://www.leedsbuildingsociety.co.uk/legal/open-banking/,intermediate,https://www.leedsbuildingsociety.co.uk/savings/online-savings-accounts/,none,,basic,https://www.leedsbuildingsocietyjobs.co.uk/,false
Nationwide Building Society,United Kingdom,GB,Swindon,"Nationwide House, Pipers Way, Swindon",51.5558,-1.7797,,https://www.nationwide.co.uk,1884,318240,16300,247000,210000,18000,600,2024,advanced,https://www.nationwide.co.uk/ways-to-bank/banking-app/,basic,https://developer.nationwide.co.uk/open-banking,intermediate,https://www.nationwide.co.uk/current-accounts/flexaccount/,basic,https://www.nationwide.co.uk/contact-us/how-arti-can-help-you,intermediate,https://www.nationwide-jobs.co.uk/technology,false
Principality Building Society,United Kingdom,GB,Cardiff,"Principality Buildings, Queen Street, Cardiff",51.4816,-3.1791,,https://www.principality.co.uk,1860,16380,500,12000,10000,1100,53,2024,advanced,https://www.principality.co.uk/home/your-account,basic,https://www.principality.co.uk/home/open-banking-policy,intermediate,https://www.principality.co.uk/home/savings/savings-accounts/online-easy-access,none,,basic,https://www.principality.co.uk/home/about-us/working-for-principality,false
Skipton Building Society,United Kingdom,GB,Skipton,"The Bailey, Skipton, BD23 1DN",53.9614,-2.0166,,https://www.skipton.co.uk,1853,42120,1200,30000,26000,2800,80,2024,advanced,https://www.skipton.co.uk/help-and-support/our-app-and-skipton-online,basic,https://www.skipton.co.uk/open-banking,intermediate,https://www.skipton.co.uk/mortgages/first-time-buyers/track-record-mortgage,none,,basic,https://careers.skipton.co.uk/,false
Yorkshire Building Society,United Kingdom,GB,Bradford,"Yorkshire House, Yorkshire Drive, Bradford",53.7950,-1.7594,,https://www.ybs.co.uk,1864,77220,3000,56000,47000,3700,220,2024,advanced,https://www.ybs.co.uk/app,basic,https://www.ybs.co.uk/openbanking,intermediate,https://www.ybs.co.uk/my-money/current-account-vs-savings-account,none,,basic,https://ybscareers.co.uk/,false
